# This file is brought to you by Roblox Corporation
# Generated by Roblox Studio

mtllib FDFR.mtl

g Meshescarscircle0031Mtl_Obj

v -620.253 16.1282 874.61 
v -620.348 16.2178 874.346 
v -620.348 16.2178 874.615 
v -620.591 17.9561 874.351 
v -620.591 17.9561 874.62 
v -621.597 16.3389 874.251 
v -621.597 16.3389 874.721 
v -621.597 16.3389 874.251 
v -620.599 16.7791 874.346 
v -620.599 16.7791 874.615 
v -620.374 18.4422 874.351 
v -620.374 18.4422 874.62 
v -620.233 18.5752 874.613 
v -629.98 15.0441 876.339 
v -629.98 14.4989 875.207 
v -629.98 14.4702 875.147 
v -640.862 15.5288 874.948 
v -640.862 15.8782 875.673 
v -640.862 16.5411 876.202 
v -639.63 17.3676 876.999 
v -640.862 17.3676 876.391 
v -640.862 18.1942 876.202 
v -641.734 17.3676 875.453 
v -640.862 18.857 875.673 
v -622.766 13.7895 874.827 
v -623.761 15.5968 874.89 
v -622.766 13.7895 874.145 
v -623.761 15.5968 874.082 
v -623.761 19.1385 874.082 
v -623.761 19.1385 874.89 
v -623.746 19.1664 874.083 
v -623.746 19.1664 874.889 
v -622.766 20.9458 874.827 
v -622.766 20.9458 874.145 
v -634.733 13.1371 874.876 
v -634.851 13.7416 873.947 
v -634.915 14.3227 875.099 
v -634.851 13.7416 875.024 
v -634.915 14.3227 875.099 
v -634.851 13.7416 875.024 
v -634.733 13.1371 874.876 
v -634.851 13.7416 873.947 
v -634.915 14.3227 873.873 
v -634.733 13.1371 874.096 
v -640.862 15.8782 873.298 
v -640.862 15.5292 874.023 
v -640.862 16.5411 872.769 
v -640.862 17.3676 872.581 
v -640.862 18.1942 872.769 
v -641.734 17.3676 873.518 
v -641.734 16.611 873.882 
v -641.734 16.9478 873.614 
v -641.734 16.4337 874.251 
v -642.016 17.2602 874.4 
v -642.016 17.308 874.362 
v -642.016 17.235 874.452 
v -642.016 17.3676 874.348 
v -641.734 17.7875 873.614 
v -642.016 17.4273 874.362 
v -641.734 18.1242 873.882 
v -640.862 18.857 873.298 
v -642.016 17.4751 874.4 
v -641.734 18.3111 874.27 
v -642.016 17.5016 874.455 
v -642.016 17.5016 874.516 
v -640.862 19.2248 874.062 
v -640.862 19.2248 874.91 
v -641.734 18.3111 874.701 
v -641.734 18.1242 875.089 
v -642.016 17.4751 874.571 
v -641.734 17.7875 875.358 
v -642.016 17.4273 874.61 
v -642.016 17.2349 874.519 
v -642.016 17.3676 874.623 
v -642.016 17.308 874.61 
v -641.734 16.9478 875.358 
v -642.016 17.2602 874.571 
v -641.734 16.611 875.089 
v -641.734 16.4335 874.72 
v -642.016 17.2336 874.516 
v -641.734 16.4242 874.701 
v -640.862 15.5104 874.91 
v -642.016 17.2336 874.455 
v -642.016 17.2346 874.453 
v -641.734 16.4312 874.256 
v -641.734 16.4242 874.27 
v -640.862 15.5243 874.033 
v -640.862 15.5104 874.062 
v -620.123 16.1318 874.362 
v -620.301 16.173 874.348 
v -620.253 16.1282 874.351 
v -620.123 16.1318 874.599 
v -620.301 16.173 874.612 
v -620.253 16.1282 874.61 
v -620.348 16.2178 874.346 
v -620.348 16.2178 874.615 
v -621.597 16.9098 873.535 
v -622.608 16.7567 873.217 
v -620.591 16.8957 874.109 
v -623.761 16.5795 872.849 
v -621.597 16.5426 873.828 
v -622.608 16.2667 873.608 
v -624.747 16.4564 872.594 
v -627.25 16.2188 872.1 
v -623.761 15.9475 873.353 
v -624.747 15.7257 873.176 
v -627.25 15.2975 872.835 
v -623.761 15.6147 874.044 
v -624.747 15.3409 873.975 
v -627.25 14.8123 873.842 
v -629.98 14.4995 873.764 
v -629.98 15.0441 872.633 
v -622.608 16.0087 874.144 
v -632.501 14.411 873.741 
v -632.501 14.9724 872.576 
v -621.597 16.3492 874.229 
v -620.599 16.7851 874.334 
v -634.132 14.3857 873.735 
v -634.132 14.9519 872.559 
v -636.35 14.9519 872.559 
v -636.35 14.3857 873.735 
v -637.392 15.0705 872.654 
v -634.132 14.3778 873.751 
v -632.501 14.4032 873.758 
v -634.132 14.3553 873.798 
v -629.98 14.4919 873.779 
v -632.501 14.3808 873.804 
v -627.25 14.8055 873.857 
v -629.98 14.4702 873.824 
v -624.747 15.3355 873.987 
v -627.25 14.7862 873.897 
v -623.761 15.61 874.054 
v -624.747 15.3202 874.018 
v -629.98 14.4702 875.147 
v -627.25 14.7862 875.075 
v -624.747 15.3202 874.953 
v -630.626 14.3635 875.075 
v -623.761 15.5968 874.082 
v -623.761 15.5968 874.89 
v -622.608 16.0051 874.151 
v -621.597 16.3465 874.235 
v -620.599 16.7835 874.337 
v -622.608 15.9948 874.172 
v -621.597 16.3389 874.251 
v -621.597 16.3389 874.721 
v -620.599 16.7791 874.346 
v -620.599 16.7791 874.615 
v -622.608 15.9948 874.799 
v -619.941 17.0733 874.548 
v -619.62 16.3564 874.548 
v -619.62 16.3564 874.413 
v -619.941 17.0733 874.413 
v -620.567 16.7934 874.349 
v -619.94 17.0755 874.409 
v -620.567 16.7976 874.341 
v -620.567 16.7934 874.349 
v -619.94 17.0763 874.407 
v -620.567 16.7992 874.338 
v -619.933 17.1316 874.298 
v -620.567 16.7976 874.341 
v -620.599 16.7791 874.346 
v -620.559 16.9071 874.118 
v -620.567 16.7992 874.338 
v -620.559 16.9071 874.118 
v -620.599 16.7835 874.337 
v -620.599 16.7851 874.334 
v -620.591 16.8957 874.109 
v -622.608 15.9948 874.799 
v -622.608 16.0084 874.827 
v -623.761 15.6143 874.926 
v -622.608 16.2667 875.364 
v -623.761 15.9475 875.618 
v -623.761 16.5795 876.122 
v -622.608 16.7567 875.754 
v -624.747 15.7257 875.795 
v -627.25 15.2975 876.137 
v -624.747 15.3405 874.995 
v -627.25 14.8118 875.128 
v -629.98 14.4989 875.207 
v -629.98 15.0441 876.339 
v -629.98 15.0441 876.339 
v -629.98 14.4989 875.207 
v -632.501 14.4104 875.229 
v -632.501 14.9724 876.396 
v -632.501 14.3808 875.167 
v -629.98 14.4702 875.147 
v -634.132 14.3851 875.235 
v -634.132 14.9519 876.412 
v -634.132 14.3553 875.173 
v -636.35 14.3851 875.235 
v -636.35 14.9519 876.412 
v -637.392 15.0705 876.318 
v -636.35 14.3553 875.173 
v -637.392 14.5315 875.198 
v -638.473 15.1937 876.219 
v -638.473 14.6837 875.16 
v -639.63 15.4025 876.053 
v -637.392 14.5031 875.14 
v -639.63 14.9414 875.095 
v -638.473 14.6568 875.104 
v -637.392 14.5031 873.832 
v -638.473 14.6568 873.867 
v -636.35 14.3553 873.798 
v -639.63 14.9171 873.926 
v -639.63 14.9171 875.045 
v -640.862 15.5288 874.948 
v -640.862 15.8782 875.673 
v -640.862 16.5411 876.202 
v -620.939 14.4158 874.288 
v -620.939 14.4158 874.684 
v -621.793 14.1254 874.75 
v -621.793 14.1254 874.221 
v -622.766 13.7895 874.827 
v -622.766 13.7895 874.145 
v -620.591 16.8957 874.862 
v -619.933 17.1316 874.674 
v -620.599 16.785 874.627 
v -619.94 17.0763 874.554 
v -621.597 16.5426 875.144 
v -621.597 16.349 874.742 
v -632.679 13.0785 874.872 
v -631.413 13.1475 874.861 
v -632.679 13.0785 874.872 
v -631.413 13.1475 874.861 
v -632.679 13.0785 874.099 
v -631.413 13.1475 874.111 
v -633.603 13.064 874.096 
v -633.603 13.064 874.876 
v -634.733 13.1371 874.096 
v -634.733 13.1371 874.876 
v -631.209 13.498 873.968 
v -632.59 13.7297 873.952 
v -633.867 13.7096 873.947 
v -634.851 13.7416 873.947 
v -630.626 14.3635 873.896 
v -634.915 14.3227 875.099 
v -634.851 13.7416 875.024 
v -634.915 14.3227 875.099 
v -634.915 14.3227 873.873 
v -634.915 14.3227 873.873 
v -636.35 14.3778 873.751 
v -637.392 14.5245 873.787 
v -637.392 14.5321 873.772 
v -638.473 14.6771 873.825 
v -638.473 14.6842 873.81 
v -638.473 15.1937 872.752 
v -637.392 16.0928 871.839 
v -639.63 14.9354 873.888 
v -639.63 14.9419 873.875 
v -639.63 15.4025 872.919 
v -638.473 16.1612 871.981 
v -640.862 15.8782 873.298 
v -640.862 15.5292 874.023 
v -639.63 16.2771 872.221 
v -640.862 16.5411 872.769 
v -641.734 16.611 873.882 
v -619.397 17.2923 874.546 
v -619.64 17.21 874.611 
v -619.933 17.1316 874.674 
v -619.94 17.0763 874.554 
v -619.64 17.173 874.535 
v -619.941 17.0733 874.548 
v -619.397 17.2746 874.509 
v -619.377 17.2923 874.546 
v -619.64 17.1711 874.531 
v -619.397 17.2736 874.507 
v -619.377 17.2736 874.507 
v -619.397 17.2736 874.464 
v -619.64 17.1711 874.441 
v -619.397 17.2743 874.463 
v -619.377 17.2736 874.464 
v -619.64 17.1725 874.438 
v -619.397 17.2746 874.462 
v -619.941 17.0733 874.413 
v -619.64 17.1731 874.437 
v -619.94 17.0755 874.409 
v -619.94 17.0763 874.407 
v -619.397 17.2923 874.426 
v -619.64 17.21 874.36 
v -619.933 17.1316 874.298 
v -619.377 17.2923 874.426 
v -641.734 16.611 875.089 
v -641.734 16.4335 874.72 
v -641.734 16.4242 874.701 
v -640.862 15.5104 874.91 
v -640.862 15.5243 874.033 
v -640.862 15.5104 874.062 
v -620.123 16.1318 874.362 
v -620.301 16.173 874.348 
v -620.253 16.1282 874.351 
v -620.348 16.2178 874.346 
v -621.587 18.4261 874.251 
v -622.595 18.7694 874.173 
v -621.597 18.3964 874.251 
v -622.608 18.7404 874.172 
v -621.597 18.3964 874.721 
v -621.597 18.3964 874.251 
v -622.608 18.7404 874.172 
v -621.597 18.3964 874.721 
v -620.591 17.9561 874.351 
v -620.591 17.9561 874.62 
v -621.597 18.1926 873.828 
v -620.591 17.8395 874.109 
v -622.608 18.4685 873.608 
v -623.761 19.1385 874.082 
v -623.761 18.7877 873.353 
v -623.761 18.1557 872.849 
v -624.747 18.2788 872.594 
v -622.608 17.9786 873.217 
v -621.597 17.8255 873.535 
v -620.591 17.6295 873.942 
v -624.747 17.3676 872.386 
v -627.25 17.3676 871.838 
v -623.761 17.3676 872.669 
v -622.608 17.3676 873.078 
v -621.597 17.3676 873.43 
v -620.591 17.3676 873.882 
v -620.591 17.1057 873.942 
v -621.597 16.9098 873.535 
v -622.608 16.7567 873.217 
v -620.591 16.8957 874.109 
v -623.761 16.5795 872.849 
v -621.597 16.5426 873.828 
v -622.608 16.2667 873.608 
v -624.747 16.4564 872.594 
v -627.25 16.2188 872.1 
v -623.761 15.9475 873.353 
v -624.747 15.7257 873.176 
v -627.25 15.2975 872.835 
v -620.599 16.7851 874.334 
v -637.392 15.0705 872.654 
v -634.132 14.3553 873.798 
v -632.501 14.3808 873.804 
v -629.98 14.4702 873.824 
v -629.98 14.4702 875.147 
v -623.761 15.5968 874.082 
v -623.761 15.5968 874.89 
v -623.761 15.5968 874.89 
v -623.761 15.5968 874.082 
v -620.599 16.7835 874.337 
v -622.608 15.9948 874.172 
v -622.608 15.9948 874.172 
v -622.608 15.9948 874.172 
v -621.597 16.3389 874.251 
v -621.597 16.3389 874.251 
v -621.597 16.3389 874.721 
v -621.597 16.3389 874.721 
v -621.597 16.3389 874.251 
v -620.599 16.7791 874.346 
v -620.599 16.7791 874.615 
v -621.597 16.3389 874.721 
v -622.608 15.9948 874.799 
v -622.608 15.9948 874.799 
v -619.941 17.0733 874.548 
v -619.62 16.3564 874.548 
v -619.62 16.3564 874.413 
v -619.941 17.0733 874.413 
v -620.567 16.7934 874.349 
v -619.94 17.0755 874.409 
v -620.567 16.7976 874.341 
v -620.567 16.7934 874.349 
v -619.94 17.0763 874.407 
v -620.567 16.7992 874.338 
v -619.933 17.1316 874.298 
v -620.567 16.7976 874.341 
v -620.599 16.7791 874.346 
v -620.559 16.9071 874.118 
v -620.567 16.7992 874.338 
v -620.559 17.1121 873.955 
v -619.933 17.2367 874.214 
v -620.559 16.9071 874.118 
v -620.599 16.7835 874.337 
v -620.599 16.7851 874.334 
v -620.591 16.8957 874.109 
v -620.591 17.1057 873.942 
v -620.559 17.1121 873.955 
v -620.591 17.3676 873.882 
v -620.559 17.3676 873.897 
v -620.559 17.6232 873.955 
v -620.591 17.6295 873.942 
v -620.559 17.8281 874.118 
v -620.591 17.8395 874.109 
v -620.591 17.9561 874.351 
v -620.559 17.9419 874.355 
v -620.559 17.6232 873.955 
v -620.559 17.8281 874.118 
v -620.559 17.9419 874.355 
v -619.933 17.6036 874.298 
v -619.933 17.4986 874.214 
v -619.933 17.6619 874.419 
v -620.559 17.3676 873.897 
v -619.933 17.3676 874.184 
v -619.612 18.3788 874.419 
v -620.374 18.4422 874.351 
v -619.933 17.6619 874.553 
v -620.04 18.5698 874.375 
v -620.233 18.5752 874.358 
v -622.608 15.9948 874.799 
v -629.98 14.4989 875.207 
v -629.98 15.0441 876.339 
v -629.98 15.0441 876.339 
v -629.98 14.4989 875.207 
v -634.132 14.3553 875.173 
v -636.35 14.3553 875.173 
v -638.473 14.6568 873.867 
v -636.35 14.3553 873.798 
v -637.392 19.6648 872.654 
v -627.25 19.4378 872.835 
v -624.747 19.0095 873.176 
v -627.25 18.5165 872.1 
v -623.761 19.1385 874.89 
v -620.939 14.4158 874.288 
v -621.793 14.1254 874.221 
v -622.766 13.7895 874.827 
v -623.761 15.5968 874.89 
v -622.766 13.7895 874.145 
v -623.761 15.5968 874.082 
v -619.933 17.6619 874.553 
v -619.933 17.6619 874.419 
v -619.933 17.6036 874.674 
v -619.933 17.4986 874.758 
v -619.933 17.3676 874.788 
v -619.933 17.4986 874.758 
v -619.933 17.6036 874.674 
v -619.933 17.1316 874.674 
v -619.94 17.0763 874.554 
v -622.608 18.7404 874.799 
v -622.608 18.7404 874.799 
v -623.761 19.1385 874.082 
v -623.761 19.1385 874.89 
v -623.746 19.1664 874.083 
v -623.746 19.1664 874.889 
v -622.595 18.7694 874.798 
v -622.766 20.9458 874.827 
v -622.766 20.9458 874.145 
v -621.793 20.6098 874.221 
v -620.939 20.3195 874.288 
v -632.679 13.0785 874.872 
v -631.413 13.1475 874.861 
v -632.679 13.0785 874.872 
v -631.413 13.1475 874.861 
v -632.679 13.0785 874.099 
v -631.413 13.1475 874.111 
v -633.603 13.064 874.096 
v -633.603 13.064 874.876 
v -634.733 13.1371 874.096 
v -633.603 13.064 874.876 
v -634.733 13.1371 874.876 
v -631.413 13.1475 874.111 
v -632.679 13.0785 874.099 
v -633.603 13.064 874.096 
v -631.209 13.498 873.968 
v -632.59 13.7297 873.952 
v -634.733 13.1371 874.096 
v -633.867 13.7096 873.947 
v -632.545 14.0553 873.878 
v -634.851 13.7416 873.947 
v -633.999 14.0324 873.873 
v -630.626 14.3635 873.896 
v -634.915 14.3227 875.099 
v -634.733 13.1371 874.876 
v -634.851 13.7416 875.024 
v -634.915 14.3227 875.099 
v -634.851 13.7416 875.024 
v -634.733 13.1371 874.876 
v -634.851 13.7416 873.947 
v -634.915 14.3227 873.873 
v -634.733 13.1371 874.876 
v -634.733 13.1371 874.096 
v -634.733 13.1371 874.096 
v -634.915 14.3227 873.873 
v -638.473 15.1937 872.752 
v -637.392 16.0928 871.839 
v -639.63 15.4025 872.919 
v -638.473 16.1612 871.981 
v -637.392 17.3676 871.548 
v -640.862 15.8782 873.298 
v -640.862 15.5292 874.023 
v -639.63 16.2771 872.221 
v -638.473 17.3676 871.705 
v -638.473 18.574 871.981 
v -637.392 18.6424 871.839 
v -639.63 17.3676 871.972 
v -640.862 16.5411 872.769 
v -639.63 18.4582 872.221 
v -640.862 17.3676 872.581 
v -640.862 18.1942 872.769 
v -619.377 17.4616 874.464 
v -619.377 17.4616 874.507 
v -619.377 17.4616 874.507 
v -619.377 17.443 874.546 
v -619.377 17.4094 874.573 
v -619.377 17.443 874.546 
v -619.377 17.4616 874.464 
v -619.377 17.3676 874.582 
v -619.377 17.4094 874.573 
v -619.377 17.443 874.426 
v -619.377 17.443 874.426 
v -619.377 17.3258 874.573 
v -619.377 17.3676 874.582 
v -619.377 17.2923 874.546 
v -619.377 17.3258 874.573 
v -619.933 17.2367 874.758 
v -619.933 17.3676 874.788 
v -619.933 17.1316 874.674 
v -619.933 17.2367 874.758 
v -619.94 17.0763 874.554 
v -619.941 17.0733 874.548 
v -619.377 17.2923 874.546 
v -619.377 17.2736 874.507 
v -619.377 17.2736 874.507 
v -619.377 17.4094 874.399 
v -619.64 17.1711 874.441 
v -619.377 17.2736 874.464 
v -619.377 17.2736 874.464 
v -619.377 17.2923 874.426 
v -619.377 17.4094 874.399 
v -619.377 17.3676 874.389 
v -619.377 17.3676 874.389 
v -619.941 17.0733 874.413 
v -619.94 17.0755 874.409 
v -619.94 17.0763 874.407 
v -619.397 17.2923 874.426 
v -619.64 17.21 874.36 
v -619.933 17.1316 874.298 
v -619.933 17.2367 874.214 
v -619.64 17.2801 874.304 
v -619.377 17.2923 874.426 
v -619.397 17.3258 874.399 
v -619.933 17.3676 874.184 
v -619.377 17.3258 874.399 
v -619.377 17.3258 874.399 
v -619.64 17.3676 874.284 
v -619.397 17.3676 874.389 
v -619.397 17.4094 874.399 
v -619.64 17.4551 874.304 
v -619.933 17.4986 874.214 
v -619.397 17.443 874.426 
v -619.64 17.5252 874.36 
v -619.933 17.6036 874.298 
v -641.734 17.7875 873.614 
v -640.862 18.857 873.298 
v -639.63 19.3328 872.919 
v -638.473 19.5415 872.752 
v -620.939 20.3195 874.684 
v -621.587 18.4261 874.251 
v -621.587 18.4261 874.72 
v -621.597 18.3964 874.251 
v -621.597 18.3964 874.721 
v -622.608 17.3676 873.078 
v -629.98 15.0441 872.633 
v -630.626 14.3635 875.075 
v -621.597 16.3389 874.721 
v -621.597 16.3389 874.251 
v -621.597 16.3389 874.721 
v -619.941 17.0733 874.548 
v -619.62 16.3564 874.548 
v -619.62 16.3564 874.413 
v -619.941 17.0733 874.413 
v -620.559 17.6232 873.955 
v -619.933 17.6619 874.419 
v -619.612 18.3788 874.419 
v -619.612 18.3788 874.553 
v -619.933 17.6619 874.553 
v -629.98 15.0441 876.339 
v -620.939 14.4158 874.288 
v -620.939 14.4158 874.684 
v -619.933 17.4986 874.758 
v -622.595 18.7694 874.798 
v -620.939 20.3195 874.288 
v -631.413 13.1475 874.861 
v -631.413 13.1475 874.111 
v -631.209 13.498 873.968 
v -631.209 13.498 875.004 
v -630.626 14.3635 873.896 
v -634.915 14.3227 875.099 
v -634.733 13.1371 874.876 
v -634.851 13.7416 875.024 
v -619.377 17.4616 874.507 
v -619.377 17.443 874.546 
v -619.377 17.4616 874.464 
v -619.377 17.4094 874.573 
v -619.377 17.443 874.426 
v -619.377 17.3676 874.582 
v -619.377 17.3258 874.573 
v -619.377 17.2923 874.546 
v -619.377 17.2736 874.507 
v -619.377 17.4094 874.399 
v -619.377 17.2736 874.464 
v -619.377 17.3676 874.389 
v -619.377 17.2923 874.426 
v -619.377 17.3258 874.399 
v -620.939 20.3195 874.684 
v -622.595 18.7694 874.173 
v -621.597 18.3964 874.251 
v -622.608 18.7404 874.172 
v -621.597 18.3964 874.721 
v -620.591 17.9561 874.351 
v -620.591 17.9561 874.62 
v -621.597 18.1926 873.828 
v -620.591 17.8395 874.109 
v -622.608 18.4685 873.608 
v -623.761 19.1385 874.082 
v -623.761 18.7877 873.353 
v -623.761 18.1557 872.849 
v -622.608 17.9786 873.217 
v -622.608 17.3676 873.078 
v -620.559 17.6232 873.955 
v -620.559 17.8281 874.118 
v -620.591 17.8395 874.109 
v -620.591 17.9561 874.351 
v -620.559 17.9419 874.355 
v -620.559 17.8281 874.118 
v -620.559 17.9419 874.355 
v -619.933 17.6036 874.298 
v -619.933 17.6619 874.419 
v -619.612 18.3788 874.419 
v -620.374 18.4422 874.351 
v -619.612 18.3788 874.553 
v -619.933 17.6619 874.553 
v -620.04 18.5698 874.375 
v -620.233 18.5752 874.358 
v -620.374 18.4422 874.62 
v -620.04 18.5698 874.596 
v -620.233 18.5752 874.613 
v -622.608 17.9786 875.754 
v -638.473 18.574 876.991 
v -639.63 18.4582 876.75 
v -638.473 19.5415 876.219 
v -637.392 19.6648 876.318 
v -639.63 19.3328 876.053 
v -640.862 18.857 875.673 
v -637.392 20.2321 875.14 
v -638.473 20.0784 875.104 
v -639.63 19.8181 875.045 
v -637.392 20.2321 873.832 
v -636.35 20.38 875.173 
v -636.35 19.7834 876.412 
v -636.35 20.38 873.798 
v -634.132 20.38 875.173 
v -634.132 19.7834 876.412 
v -632.501 19.7628 876.396 
v -634.132 20.38 873.798 
v -632.501 20.3544 875.167 
v -634.132 19.7834 872.559 
v -636.35 19.7834 872.559 
v -637.392 19.6648 872.654 
v -632.501 19.7628 872.576 
v -629.98 19.6911 876.339 
v -632.501 20.3544 873.804 
v -629.98 19.6911 872.633 
v -629.98 20.265 873.824 
v -627.25 19.4378 872.835 
v -629.98 20.265 875.147 
v -627.25 19.4378 876.137 
v -627.25 19.9491 873.897 
v -624.747 19.0095 873.176 
v -627.25 18.5165 872.1 
v -627.25 19.9491 875.075 
v -624.747 19.415 874.018 
v -624.747 19.0095 875.795 
v -624.747 19.415 874.953 
v -623.761 18.7877 875.618 
v -623.761 19.1385 874.89 
v -622.608 18.4685 875.364 
v -619.64 17.5642 874.531 
v -619.397 17.443 874.546 
v -619.64 17.5252 874.611 
v -619.933 17.6619 874.553 
v -619.64 17.5642 874.441 
v -619.933 17.6619 874.419 
v -619.933 17.6036 874.674 
v -619.933 17.4986 874.758 
v -619.933 17.6036 874.674 
v -620.591 17.8395 874.862 
v -621.597 18.1926 875.144 
v -622.608 18.7404 874.799 
v -623.746 19.1664 874.889 
v -622.595 18.7694 874.798 
v -622.766 20.9458 874.827 
v -622.766 20.9458 874.145 
v -621.793 20.6098 874.221 
v -621.793 20.6098 874.75 
v -620.939 20.3195 874.288 
v -638.473 18.574 871.981 
v -637.392 18.6424 871.839 
v -640.862 18.1942 872.769 
v -619.377 17.4616 874.507 
v -619.377 17.4616 874.507 
v -619.377 17.443 874.546 
v -619.377 17.4616 874.464 
v -619.377 17.443 874.426 
v -619.397 17.443 874.426 
v -619.64 17.5252 874.36 
v -619.933 17.6036 874.298 
v -619.397 17.4616 874.464 
v -619.397 17.4616 874.507 
v -640.862 18.857 873.298 
v -640.862 19.2248 874.062 
v -639.63 19.3328 872.919 
v -639.63 19.8181 873.926 
v -640.862 19.2248 874.91 
v -641.734 18.3111 874.701 
v -638.473 20.0784 873.867 
v -638.473 19.5415 872.752 
v -620.123 16.1318 874.599 
v -620.301 16.173 874.612 
v -620.253 16.1282 874.61 
v -620.348 16.2178 874.615 
v -620.939 20.3195 874.684 
v -621.587 18.4261 874.72 
v -622.595 18.7694 874.173 
v -621.597 18.3964 874.721 
v -621.597 18.3964 874.721 
v -620.591 17.9561 874.351 
v -620.591 17.9561 874.62 
v -624.747 15.3202 874.953 
v -630.626 14.3635 875.075 
v -623.761 15.5968 874.082 
v -623.761 15.5968 874.89 
v -622.608 15.9948 874.172 
v -621.597 16.3389 874.251 
v -621.597 16.3389 874.721 
v -621.597 16.3389 874.251 
v -620.599 16.7791 874.346 
v -620.599 16.7791 874.615 
v -621.597 16.3389 874.721 
v -622.608 15.9948 874.799 
v -622.608 15.9948 874.799 
v -619.941 17.0733 874.548 
v -619.62 16.3564 874.548 
v -619.612 18.3788 874.419 
v -620.374 18.4422 874.351 
v -619.612 18.3788 874.553 
v -619.933 17.6619 874.553 
v -620.374 18.4422 874.62 
v -620.04 18.5698 874.596 
v -620.233 18.5752 874.613 
v -622.608 16.2667 875.364 
v -623.761 15.9475 875.618 
v -623.761 16.5795 876.122 
v -622.608 16.7567 875.754 
v -623.761 17.3676 876.302 
v -622.608 17.3676 875.894 
v -622.608 17.9786 875.754 
v -624.747 17.3676 876.586 
v -623.761 18.1557 876.122 
v -624.747 16.4564 876.378 
v -627.25 17.3676 877.134 
v -627.25 16.2188 876.871 
v -624.747 18.2788 876.378 
v -627.25 18.5165 876.871 
v -624.747 15.7257 875.795 
v -627.25 15.2975 876.137 
v -629.98 15.0441 876.339 
v -632.501 14.9724 876.396 
v -632.501 14.3808 875.167 
v -629.98 14.4702 875.147 
v -634.132 14.3553 875.173 
v -637.392 15.0705 876.318 
v -638.473 15.1937 876.219 
v -637.392 16.0928 877.133 
v -638.473 16.1612 876.991 
v -637.392 17.3676 877.424 
v -639.63 15.4025 876.053 
v -636.35 14.3553 873.798 
v -639.63 14.9171 875.045 
v -640.862 15.8782 875.673 
v -639.63 16.2771 876.75 
v -640.862 16.5411 876.202 
v -638.473 17.3676 877.266 
v -639.63 17.3676 876.999 
v -638.473 18.574 876.991 
v -637.392 18.6424 877.133 
v -639.63 18.4582 876.75 
v -640.862 17.3676 876.391 
v -640.862 18.1942 876.202 
v -638.473 19.5415 876.219 
v -637.392 19.6648 876.318 
v -639.63 19.3328 876.053 
v -640.862 18.857 875.673 
v -627.25 19.4378 876.137 
v -624.747 19.0095 875.795 
v -624.747 19.415 874.953 
v -623.761 18.7877 875.618 
v -622.608 18.4685 875.364 
v -620.939 14.4158 874.288 
v -620.939 14.4158 874.684 
v -621.793 14.1254 874.75 
v -622.766 13.7895 874.827 
v -623.761 15.5968 874.89 
v -619.397 17.443 874.546 
v -619.64 17.5252 874.611 
v -619.64 17.4551 874.667 
v -619.933 17.6036 874.674 
v -619.933 17.4986 874.758 
v -619.933 17.3676 874.788 
v -619.933 17.4986 874.758 
v -619.933 17.6036 874.674 
v -620.591 17.6295 875.03 
v -620.591 17.3676 875.089 
v -621.597 17.3676 875.541 
v -620.591 17.1057 875.03 
v -620.591 17.8395 874.862 
v -621.597 17.8255 875.436 
v -621.597 18.1926 875.144 
v -621.597 16.9098 875.436 
v -620.591 16.8957 874.862 
v -619.933 17.1316 874.674 
v -621.597 16.5426 875.144 
v -622.608 18.7404 874.799 
v -622.608 18.7404 874.799 
v -623.761 19.1385 874.89 
v -623.746 19.1664 874.889 
v -622.595 18.7694 874.798 
v -622.766 20.9458 874.827 
v -621.793 20.6098 874.221 
v -621.793 20.6098 874.75 
v -620.939 20.3195 874.288 
v -632.679 13.0785 874.872 
v -631.413 13.1475 874.861 
v -633.603 13.064 874.876 
v -634.733 13.1371 874.876 
v -632.59 13.7297 875.02 
v -634.733 13.1371 874.096 
v -634.851 13.7416 873.947 
v -631.209 13.498 875.004 
v -632.545 14.0553 875.094 
v -633.867 13.7096 875.024 
v -633.999 14.0324 875.099 
v -634.915 14.3227 875.099 
v -634.733 13.1371 874.876 
v -634.851 13.7416 875.024 
v -634.915 14.3227 873.873 
v -619.377 17.4616 874.507 
v -619.377 17.443 874.546 
v -619.377 17.4094 874.573 
v -619.377 17.3676 874.582 
v -619.397 17.4094 874.573 
v -619.397 17.3676 874.582 
v -619.64 17.3676 874.687 
v -619.377 17.3258 874.573 
v -619.397 17.3258 874.573 
v -619.64 17.2801 874.667 
v -619.397 17.2923 874.546 
v -619.933 17.2367 874.758 
v -619.933 17.3676 874.788 
v -619.64 17.21 874.611 
v -619.933 17.1316 874.674 
v -619.933 17.2367 874.758 
v -619.377 17.2923 874.546 

vn 0.244094 0.716535 -0.653543 
vn 0.574803 0.425197 0.700787 
vn 0.574803 0.425197 -0.700787 
vn -0.00787402 -0.653543 0.755906 
vn -0.11811 -0.850394 -0.511811 
vn 0.299213 0.952756 0 
vn 0.299213 0.952756 0 
vn -0.00787402 0.425197 0.905512 
vn -0.00787402 0.913386 0.401575 
vn -0.11811 0.858268 -0.503937 
vn 0.574803 -0.425197 0.700787 
vn 0.574803 -0.425197 -0.700787 
vn 0.244094 -0.716535 -0.653543 
vn -0.015748 0.976378 -0.220472 
vn -0.015748 0.976378 -0.220472 
vn -0.015748 0.850394 -0.519685 
vn 0.590551 0.732283 -0.354331 
vn 0.582677 0.637795 -0.503937 
vn 0.582677 0.354331 -0.732283 
vn 0.330709 0 -0.944882 
vn 0.582677 0 -0.811024 
vn 0.582677 -0.354331 -0.732283 
vn 0.84252 0 -0.535433 
vn 0.582677 -0.637795 -0.503937 
vn 0.267717 0.755906 -0.598425 
vn 0.291339 0.897638 -0.322835 
vn 0.267717 0.755906 0.598425 
vn 0.291339 0.897638 0.322835 
vn 0.409449 0.787402 0.456693 
vn 0.409449 0.787402 -0.456693 
vn 0.582677 -0.346457 0.732283 
vn 0.582677 -0.346457 -0.732283 
vn 0.267717 -0.755906 -0.598425 
vn 0.267717 -0.755906 0.598425 
vn 0.015748 1 0 
vn 0.015748 0.779528 0.622047 
vn 0.00787402 0.661417 -0.748031 
vn 0.015748 0.779528 -0.622047 
vn 0.330709 0.88189 -0.330709 
vn 0.637795 0.76378 0 
vn 0.330709 0.944882 0 
vn 0.637795 0.76378 0 
vn 0.330709 0.88189 0.330709 
vn 0.330709 0.944882 0 
vn 0.582677 0.637795 0.503937 
vn 0.590551 0.732283 0.354331 
vn 0.582677 0.354331 0.732283 
vn 0.582677 0 0.811024 
vn 0.582677 -0.354331 0.732283 
vn 0.84252 0 0.535433 
vn 0.84252 0.417323 0.330709 
vn 0.84252 0.228346 0.480315 
vn 0.850394 0.472441 0.228346 
vn 0.984252 0.141732 0.11811 
vn 0.984252 0.0787402 0.165354 
vn 0.984252 0.149606 0.0708661 
vn 0.984252 0 0.188976 
vn 0.84252 -0.228346 0.480315 
vn 0.984252 -0.0787402 0.165354 
vn 0.84252 -0.417323 0.330709 
vn 0.582677 -0.637795 0.503937 
vn 0.984252 -0.141732 0.11811 
vn 0.84252 -0.519685 0.11811 
vn 0.984252 -0.181102 0.0393701 
vn 0.984252 -0.181102 -0.0393701 
vn 0.582677 -0.787402 0.181102 
vn 0.582677 -0.787402 -0.181102 
vn 0.84252 -0.519685 -0.11811 
vn 0.84252 -0.417323 -0.330709 
vn 0.984252 -0.141732 -0.11811 
vn 0.84252 -0.228346 -0.480315 
vn 0.984252 -0.0787402 -0.165354 
vn 0.984252 0.149606 -0.0708661 
vn 0.984252 0 -0.188976 
vn 0.984252 0.0787402 -0.165354 
vn 0.84252 0.228346 -0.480315 
vn 0.984252 0.141732 -0.11811 
vn 0.84252 0.417323 -0.330709 
vn 0.850394 0.472441 -0.228346 
vn 0.984252 0.181102 -0.0393701 
vn 0.84252 0.519685 -0.11811 
vn 0.582677 0.787402 -0.181102 
vn 0.984252 0.181102 0.0393701 
vn 0.984252 0.149606 0.0708661 
vn 0.850394 0.472441 0.228346 
vn 0.84252 0.519685 0.11811 
vn 0.590551 0.732283 0.354331 
vn 0.582677 0.787402 0.181102 
vn -0.212598 0.708661 0.669291 
vn 0.448819 0.511811 0.740157 
vn 0.244094 0.716535 0.653543 
vn -0.212598 0.708661 -0.669291 
vn 0.448819 0.511811 -0.740157 
vn 0.244094 0.716535 -0.653543 
vn 0.574803 0.425197 0.700787 
vn 0.574803 0.425197 -0.700787 
vn -0.370079 0.401575 0.834646 
vn -0.330709 0.409449 0.850394 
vn -0.220472 0.92126 0.314961 
vn -0.307087 0.409449 0.858268 
vn -0.370079 0.724409 0.582677 
vn -0.330709 0.740157 0.590551 
vn -0.244094 0.417323 0.874016 
vn -0.212598 0.425197 0.88189 
vn -0.307087 0.748031 0.590551 
vn -0.244094 0.755906 0.606299 
vn -0.181102 0.818898 0.551181 
vn -0.299213 0.858268 0.417323 
vn -0.23622 0.874016 0.417323 
vn -0.165354 0.889764 0.425197 
vn -0.0787402 0.897638 0.433071 
vn -0.0708661 0.897638 0.433071 
vn -0.322835 0.850394 0.409449 
vn -0.023622 0.897638 0.433071 
vn -0.023622 0.897638 0.433071 
vn -0.362205 0.84252 0.401575 
vn -0.212598 0.952756 0.204724 
vn -0.00787402 0.897638 0.433071 
vn -0.00787402 0.897638 0.433071 
vn 0.0708661 0.897638 0.433071 
vn 0.0708661 0.897638 0.433071 
vn 0.141732 0.818898 0.551181 
vn -0.00787402 0.897638 0.433071 
vn -0.023622 0.897638 0.433071 
vn -0.00787402 0.677165 0.740157 
vn -0.0787402 0.897638 0.433071 
vn -0.015748 0.677165 0.740157 
vn -0.165354 0.889764 0.425197 
vn -0.110236 0.96063 0.251969 
vn -0.23622 0.874016 0.417323 
vn -0.165354 0.96063 0.220472 
vn -0.299213 0.858268 0.417323 
vn -0.244094 0.944882 0.212598 
vn -0.0866142 0.944882 -0.314961 
vn -0.165354 0.96063 -0.220472 
vn -0.244094 0.944882 -0.212598 
vn -0.291339 0.677165 -0.677165 
vn -0.181102 0.968504 0.173228 
vn -0.181102 0.968504 -0.173228 
vn -0.322835 0.850394 0.409449 
vn -0.362205 0.84252 0.401575 
vn -0.212598 0.952756 0.204724 
vn -0.165354 0.96063 0.212598 
vn -0.228346 0.96063 0.173228 
vn -0.23622 0.96063 -0.165354 
vn -0.00787402 0.913386 0.401575 
vn -0.11811 0.858268 -0.503937 
vn 0 1 0 
vn -0.456693 0.771654 -0.440945 
vn -0.787402 0.283465 -0.551181 
vn -0.787402 0.283465 0.551181 
vn -0.456693 0.771654 0.448819 
vn -0.204724 0.771654 0.606299 
vn -0.212598 0.952756 0.204724 
vn -0.212598 0.952756 0.204724 
vn -0.220472 0.771654 0.590551 
vn -0.212598 0.952756 0.204724 
vn -0.212598 0.952756 0.204724 
vn -0.228346 0.92126 0.307087 
vn -0.212598 0.952756 0.204724 
vn -0.204724 0.771654 0.606299 
vn -0.220472 0.929134 0.291339 
vn -0.212598 0.952756 0.204724 
vn -0.228346 0.92126 0.307087 
vn -0.212598 0.952756 0.204724 
vn -0.212598 0.952756 0.204724 
vn -0.220472 0.929134 0.291339 
vn -0.165354 0.96063 -0.212598 
vn -0.322835 0.850394 -0.409449 
vn -0.299213 0.858268 -0.417323 
vn -0.330709 0.740157 -0.590551 
vn -0.307087 0.748031 -0.590551 
vn -0.307087 0.409449 -0.858268 
vn -0.330709 0.409449 -0.850394 
vn -0.244094 0.755906 -0.606299 
vn -0.181102 0.818898 -0.551181 
vn -0.23622 0.874016 -0.417323 
vn -0.165354 0.889764 -0.425197 
vn -0.0551181 0.976378 -0.220472 
vn -0.0551181 0.976378 -0.220472 
vn -0.015748 0.976378 -0.220472 
vn -0.015748 0.976378 -0.220472 
vn -0.023622 0.897638 -0.433071 
vn -0.023622 0.897638 -0.433071 
vn -0.015748 0.677165 -0.740157 
vn -0.015748 0.850394 -0.519685 
vn -0.00787402 0.897638 -0.433071 
vn -0.00787402 0.897638 -0.433071 
vn -0.00787402 0.677165 -0.740157 
vn 0.0708661 0.897638 -0.433071 
vn 0.0708661 0.897638 -0.433071 
vn 0.141732 0.818898 -0.551181 
vn 0.0787402 0.968504 -0.228346 
vn 0.141732 0.889764 -0.433071 
vn 0.181102 0.771654 -0.614173 
vn 0.181102 0.889764 -0.425197 
vn 0.330709 0.740157 -0.590551 
vn 0.141732 0.968504 -0.220472 
vn 0.330709 0.850394 -0.409449 
vn 0.181102 0.96063 -0.220472 
vn 0.141732 0.968504 0.220472 
vn 0.181102 0.96063 0.220472 
vn 0.0787402 0.968504 0.228346 
vn 0.330709 0.92126 0.212598 
vn 0.330709 0.92126 -0.212598 
vn 0.590551 0.732283 -0.354331 
vn 0.582677 0.637795 -0.503937 
vn 0.582677 0.354331 -0.732283 
vn -0.755906 0.362205 0.551181 
vn -0.755906 0.362205 -0.551181 
vn -0.283465 0.661417 -0.700787 
vn -0.283465 0.661417 0.700787 
vn 0.267717 0.755906 -0.598425 
vn 0.267717 0.755906 0.598425 
vn -0.417323 0.716535 -0.559055 
vn -0.228346 0.92126 -0.307087 
vn -0.409449 0.826772 -0.377953 
vn -0.212598 0.96063 -0.19685 
vn -0.370079 0.724409 -0.574803 
vn -0.362205 0.84252 -0.401575 
vn 0 0.795276 -0.606299 
vn -0.307087 0.874016 -0.377953 
vn -0.015748 1 0 
vn -0.015748 1 0 
vn -0.015748 1 0 
vn -0.015748 1 0 
vn 0.015748 1 0 
vn 0.015748 1 0 
vn 0.015748 1 0 
vn 0.015748 1 0 
vn -0.535433 0.472441 0.700787 
vn -0.00787402 0.212598 0.976378 
vn 0.00787402 0.212598 0.976378 
vn 0.015748 0.779528 0.622047 
vn -0.291339 0.677165 0.677165 
vn 0.00787402 0.661417 -0.748031 
vn 0.015748 0.779528 -0.622047 
vn 0.330709 0.88189 -0.330709 
vn 0.330709 0.88189 0.330709 
vn 0.00787402 0.661417 0.748031 
vn 0.0708661 0.897638 0.433071 
vn 0.141732 0.889764 0.433071 
vn 0.141732 0.889764 0.433071 
vn 0.181102 0.889764 0.425197 
vn 0.181102 0.889764 0.425197 
vn 0.181102 0.771654 0.614173 
vn 0.141732 0.433071 0.889764 
vn 0.330709 0.850394 0.409449 
vn 0.330709 0.850394 0.409449 
vn 0.330709 0.740157 0.590551 
vn 0.181102 0.425197 0.88189 
vn 0.582677 0.637795 0.503937 
vn 0.590551 0.732283 0.354331 
vn 0.330709 0.409449 0.850394 
vn 0.582677 0.354331 0.732283 
vn 0.84252 0.417323 0.330709 
vn -0.204724 0.76378 -0.606299 
vn -0.354331 0.732283 -0.574803 
vn -0.165354 0.937008 -0.299213 
vn -0.15748 0.968504 -0.204724 
vn -0.346457 0.850394 -0.393701 
vn -0.149606 0.984252 -0.0944882 
vn -0.19685 0.88189 -0.425197 
vn -0.417323 0.858268 -0.299213 
vn -0.354331 0.913386 -0.204724 
vn -0.204724 0.952756 -0.220472 
vn -0.401575 0.913386 -0.102362 
vn -0.204724 0.952756 0.220472 
vn -0.354331 0.913386 0.204724 
vn -0.19685 0.88189 0.425197 
vn -0.401575 0.913386 0.102362 
vn -0.354331 0.84252 0.401575 
vn -0.19685 0.88189 0.425197 
vn -0.15748 0.984252 0.102362 
vn -0.354331 0.84252 0.401575 
vn -0.165354 0.96063 0.212598 
vn -0.165354 0.96063 0.212598 
vn -0.204724 0.76378 0.606299 
vn -0.362205 0.732283 0.582677 
vn -0.165354 0.937008 0.307087 
vn -0.417323 0.858268 0.299213 
vn 0.84252 0.417323 -0.330709 
vn 0.850394 0.472441 -0.228346 
vn 0.84252 0.519685 -0.11811 
vn 0.582677 0.787402 -0.181102 
vn 0.590551 0.732283 0.354331 
vn 0.582677 0.787402 0.181102 
vn -0.212598 0.708661 0.669291 
vn 0.448819 0.511811 0.740157 
vn 0.244094 0.716535 0.653543 
vn 0.574803 0.425197 0.700787 
vn -0.700787 0.228346 0.677165 
vn -0.0787402 0.00787402 1 
vn -0.370079 0.850394 0.370079 
vn -0.0551181 0.708661 0.700787 
vn -0.370079 0.850394 -0.370079 
vn -0.748031 -0.362205 0.551181 
vn -0.598425 0.267717 0.755906 
vn -0.748031 -0.362205 -0.551181 
vn -0.00787402 -0.653543 0.755906 
vn -0.11811 -0.850394 -0.511811 
vn -0.370079 -0.724409 0.582677 
vn -0.551181 0.338583 0.76378 
vn -0.330709 -0.740157 0.590551 
vn -0.622047 -0.511811 0.590551 
vn -0.307087 -0.748031 0.590551 
vn -0.307087 -0.409449 0.858268 
vn -0.244094 -0.417323 0.874016 
vn -0.330709 -0.409449 0.850394 
vn -0.370079 -0.401575 0.834646 
vn -0.377953 0.527559 0.76378 
vn -0.244094 0 0.968504 
vn -0.212598 0 0.976378 
vn -0.307087 0 0.952756 
vn -0.330709 0 0.944882 
vn -0.370079 0 0.929134 
vn -0.291339 0.692913 0.653543 
vn -0.251969 0.826772 0.503937 
vn -0.370079 0.401575 0.834646 
vn -0.330709 0.409449 0.850394 
vn -0.220472 0.92126 0.314961 
vn -0.307087 0.409449 0.858268 
vn -0.370079 0.724409 0.582677 
vn -0.330709 0.740157 0.590551 
vn -0.244094 0.417323 0.874016 
vn -0.212598 0.425197 0.88189 
vn -0.307087 0.748031 0.590551 
vn -0.244094 0.755906 0.606299 
vn -0.181102 0.818898 0.551181 
vn -0.212598 0.952756 0.204724 
vn 0.141732 0.818898 0.551181 
vn -0.00787402 0.677165 0.740157 
vn -0.015748 0.677165 0.740157 
vn -0.110236 0.96063 0.251969 
vn -0.0866142 0.944882 -0.314961 
vn -0.181102 0.968504 0.173228 
vn -0.181102 0.968504 -0.173228 
vn 0 1 0 
vn 0 1 0 
vn -0.212598 0.952756 0.204724 
vn -0.165354 0.96063 0.212598 
vn 0 1 0 
vn -0.0551181 0.708661 0.708661 
vn -0.228346 0.96063 0.173228 
vn 0.299213 0.952756 0 
vn -0.23622 0.96063 -0.165354 
vn 0.299213 0.952756 0 
vn -0.00787402 0.425197 0.905512 
vn -0.00787402 0.913386 0.401575 
vn -0.11811 0.858268 -0.503937 
vn -0.00787402 0.425197 -0.905512 
vn 0 1 0 
vn -0.0551181 0.708661 -0.708661 
vn -0.456693 0.771654 -0.440945 
vn -0.787402 0.283465 -0.551181 
vn -0.787402 0.283465 0.551181 
vn -0.456693 0.771654 0.448819 
vn -0.204724 0.771654 0.606299 
vn -0.212598 0.952756 0.204724 
vn -0.212598 0.952756 0.204724 
vn -0.220472 0.771654 0.590551 
vn -0.212598 0.952756 0.204724 
vn -0.212598 0.952756 0.204724 
vn -0.228346 0.92126 0.307087 
vn -0.212598 0.952756 0.204724 
vn -0.204724 0.771654 0.606299 
vn -0.220472 0.929134 0.291339 
vn -0.212598 0.952756 0.204724 
vn -0.23622 0.850394 0.472441 
vn -0.251969 0.826772 0.496063 
vn -0.228346 0.92126 0.307087 
vn -0.212598 0.952756 0.204724 
vn -0.212598 0.952756 0.204724 
vn -0.220472 0.929134 0.291339 
vn -0.23622 0.850394 0.472441 
vn -0.251969 0.826772 0.496063 
vn -0.283465 0.732283 0.614173 
vn -0.299213 0.692913 0.653543 
vn -0.385827 0.527559 0.755906 
vn -0.362205 0.598425 0.708661 
vn -0.559055 0.338583 0.755906 
vn -0.519685 0.472441 0.708661 
vn -0.314961 0.181102 0.929134 
vn -0.338583 0.110236 0.937008 
vn -0.362205 0.598425 0.708661 
vn -0.519685 0.472441 0.708661 
vn -0.314961 0.181102 0.929134 
vn -0.559055 0.338583 0.755906 
vn -0.385827 0.527559 0.755906 
vn -0.559055 0.614173 0.551181 
vn -0.283465 0.732283 0.614173 
vn -0.299213 0.692913 0.653543 
vn -0.787402 -0.283465 0.551181 
vn 0.574803 -0.425197 0.700787 
vn -0.559055 0.614173 -0.551181 
vn -0.212598 -0.708661 0.669291 
vn 0.244094 -0.716535 0.653543 
vn -0.165354 0.96063 -0.212598 
vn -0.0551181 0.976378 -0.220472 
vn -0.0551181 0.976378 -0.220472 
vn -0.015748 0.976378 -0.220472 
vn -0.015748 0.976378 -0.220472 
vn -0.00787402 0.677165 -0.740157 
vn 0.0787402 0.968504 -0.228346 
vn 0.181102 0.96063 0.220472 
vn 0.0787402 0.968504 0.228346 
vn 0.141732 -0.818898 0.551181 
vn -0.181102 -0.818898 0.551181 
vn -0.244094 -0.755906 0.606299 
vn -0.212598 -0.425197 0.88189 
vn -0.622047 -0.511811 -0.590551 
vn -0.755906 0.362205 0.551181 
vn -0.283465 0.661417 0.700787 
vn 0.267717 0.755906 -0.598425 
vn 0.291339 0.897638 -0.322835 
vn 0.267717 0.755906 0.598425 
vn 0.291339 0.897638 0.322835 
vn -0.779528 0.362205 -0.503937 
vn -0.779528 0.362205 0.503937 
vn -0.433071 0.440945 -0.787402 
vn -0.291339 0.590551 -0.755906 
vn -0.220472 0.732283 -0.645669 
vn -0.385827 0.527559 -0.755906 
vn -0.559055 0.338583 -0.755906 
vn -0.228346 0.92126 -0.307087 
vn -0.212598 0.96063 -0.19685 
vn -0.598425 0.267717 -0.755906 
vn -0.0551181 0.708661 -0.700787 
vn 0.409449 0.787402 0.456693 
vn 0.409449 0.787402 -0.456693 
vn 0.582677 -0.346457 0.732283 
vn 0.582677 -0.346457 -0.732283 
vn -0.0787402 0.00787402 -1 
vn 0.267717 -0.755906 -0.598425 
vn 0.267717 -0.755906 0.598425 
vn -0.283465 -0.661417 0.700787 
vn -0.755906 -0.362205 0.551181 
vn 0 0.795276 -0.606299 
vn -0.307087 0.874016 -0.377953 
vn -0.015748 1 0 
vn -0.015748 1 0 
vn -0.015748 1 0 
vn -0.015748 1 0 
vn 0.015748 1 0 
vn 0.015748 1 0 
vn 0.015748 1 0 
vn 0 0.787402 -0.614173 
vn 0.015748 1 0 
vn -0.307087 0.874016 0.377953 
vn 0 0.795276 0.606299 
vn 0 0.787402 0.614173 
vn -0.535433 0.472441 0.700787 
vn -0.00787402 0.212598 0.976378 
vn 0 0.944882 0.322835 
vn 0.00787402 0.212598 0.976378 
vn -0.00787402 0.251969 0.968504 
vn 0.015748 0.779528 0.622047 
vn 0.00787402 0.259843 0.968504 
vn -0.291339 0.677165 0.677165 
vn 0.00787402 0.661417 -0.748031 
vn 0 0.944882 -0.322835 
vn 0.015748 0.779528 -0.622047 
vn 0.330709 0.88189 -0.330709 
vn 0.637795 0.76378 0 
vn 0.330709 0.944882 0 
vn 0.637795 0.76378 0 
vn 0.330709 0.88189 0.330709 
vn 0 1 0 
vn 0 1 0 
vn 0.330709 0.944882 0 
vn 0.00787402 0.661417 0.748031 
vn 0.181102 0.771654 0.614173 
vn 0.141732 0.433071 0.889764 
vn 0.330709 0.740157 0.590551 
vn 0.181102 0.425197 0.88189 
vn 0.141732 0 0.992126 
vn 0.582677 0.637795 0.503937 
vn 0.590551 0.732283 0.354331 
vn 0.330709 0.409449 0.850394 
vn 0.181102 0 0.984252 
vn 0.181102 -0.425197 0.88189 
vn 0.141732 -0.433071 0.889764 
vn 0.330709 0 0.944882 
vn 0.582677 0.354331 0.732283 
vn 0.330709 -0.409449 0.850394 
vn 0.582677 0 0.811024 
vn 0.582677 -0.354331 0.732283 
vn 0 1 0 
vn 0 1 0 
vn -0.968504 0.0551181 -0.244094 
vn 0 1 0 
vn 0 1 0 
vn -0.795276 0.220472 -0.566929 
vn -0.968504 0.0551181 0.244094 
vn 0 1 0 
vn -0.629921 0.425197 -0.645669 
vn 0 1 0 
vn -0.795276 0.220472 0.566929 
vn 0 1 0 
vn -0.519685 0.614173 -0.598425 
vn 0 1 0 
vn -0.456693 0.755906 -0.464567 
vn -0.188976 0.850394 -0.488189 
vn -0.299213 0.692913 -0.653543 
vn -0.165354 0.937008 -0.299213 
vn -0.251969 0.826772 -0.496063 
vn -0.15748 0.968504 -0.204724 
vn -0.149606 0.984252 -0.0944882 
vn -0.417323 0.858268 -0.299213 
vn -0.401575 0.913386 -0.102362 
vn 0 1 0 
vn -0.629921 0.425197 0.645669 
vn -0.354331 0.913386 0.204724 
vn -0.401575 0.913386 0.102362 
vn 0 1 0 
vn 0 1 0 
vn 0 1 0 
vn 0 1 0 
vn -0.519685 0.614173 0.598425 
vn -0.15748 0.984252 0.102362 
vn -0.165354 0.96063 0.212598 
vn -0.165354 0.96063 0.212598 
vn -0.204724 0.76378 0.606299 
vn -0.362205 0.732283 0.582677 
vn -0.165354 0.937008 0.307087 
vn -0.188976 0.850394 0.488189 
vn -0.362205 0.401575 0.84252 
vn -0.417323 0.858268 0.299213 
vn -0.204724 0.425197 0.88189 
vn -0.220472 0.732283 0.645669 
vn 0 1 0 
vn -0.456693 0.755906 0.464567 
vn -0.362205 0 0.937008 
vn -0.204724 0 0.976378 
vn -0.204724 -0.425197 0.88189 
vn -0.362205 -0.401575 0.84252 
vn -0.291339 0.590551 0.755906 
vn -0.204724 -0.76378 0.606299 
vn -0.362205 -0.732283 0.582677 
vn -0.433071 0.440945 0.787402 
vn 0.84252 -0.228346 0.480315 
vn 0.582677 -0.637795 0.503937 
vn 0.330709 -0.740157 0.590551 
vn 0.181102 -0.771654 0.614173 
vn -0.755906 -0.362205 -0.551181 
vn -0.700787 0.228346 0.677165 
vn -0.700787 0.228346 -0.677165 
vn -0.370079 0.850394 0.370079 
vn -0.370079 0.850394 -0.370079 
vn -0.330709 0 0.944882 
vn -0.0708661 0.897638 0.433071 
vn -0.291339 0.677165 -0.677165 
vn -0.23622 0.96063 -0.165354 
vn -0.00787402 0.425197 0.905512 
vn -0.00787402 0.425197 -0.905512 
vn -0.456693 0.771654 -0.440945 
vn -0.787402 0.283465 -0.551181 
vn -0.787402 0.283465 0.551181 
vn -0.456693 0.771654 0.448819 
vn -0.385827 0.527559 0.755906 
vn -0.559055 0.614173 0.551181 
vn -0.787402 -0.283465 0.551181 
vn -0.787402 -0.283465 -0.551181 
vn -0.559055 0.614173 -0.551181 
vn -0.0551181 0.976378 -0.220472 
vn -0.755906 0.362205 0.551181 
vn -0.755906 0.362205 -0.551181 
vn -0.291339 0.590551 -0.755906 
vn -0.0787402 0.00787402 -1 
vn -0.755906 -0.362205 0.551181 
vn -0.307087 0.874016 -0.377953 
vn -0.307087 0.874016 0.377953 
vn -0.535433 0.472441 0.700787 
vn -0.535433 0.472441 -0.700787 
vn -0.291339 0.677165 0.677165 
vn 0.00787402 0.661417 -0.748031 
vn 0 0.944882 -0.322835 
vn 0.015748 0.779528 -0.622047 
vn -0.968504 0.0551181 -0.244094 
vn -0.795276 0.220472 -0.566929 
vn -0.968504 0.0551181 0.244094 
vn -0.629921 0.425197 -0.645669 
vn -0.795276 0.220472 0.566929 
vn -0.519685 0.614173 -0.598425 
vn -0.456693 0.755906 -0.464567 
vn -0.417323 0.858268 -0.299213 
vn -0.401575 0.913386 -0.102362 
vn -0.629921 0.425197 0.645669 
vn -0.401575 0.913386 0.102362 
vn -0.519685 0.614173 0.598425 
vn -0.417323 0.858268 0.299213 
vn -0.456693 0.755906 0.464567 
vn -0.755906 -0.362205 -0.551181 
vn -0.0787402 0.00787402 1 
vn -0.748031 -0.362205 0.551181 
vn -0.598425 0.267717 0.755906 
vn -0.748031 -0.362205 -0.551181 
vn -0.00787402 -0.653543 0.755906 
vn -0.11811 -0.850394 -0.511811 
vn -0.370079 -0.724409 0.582677 
vn -0.551181 0.338583 0.76378 
vn -0.330709 -0.740157 0.590551 
vn -0.622047 -0.511811 0.590551 
vn -0.307087 -0.748031 0.590551 
vn -0.307087 -0.409449 0.858268 
vn -0.330709 -0.409449 0.850394 
vn -0.330709 0 0.944882 
vn -0.385827 0.527559 0.755906 
vn -0.559055 0.338583 0.755906 
vn -0.519685 0.472441 0.708661 
vn -0.314961 0.181102 0.929134 
vn -0.338583 0.110236 0.937008 
vn -0.519685 0.472441 0.708661 
vn -0.314961 0.181102 0.929134 
vn -0.559055 0.338583 0.755906 
vn -0.559055 0.614173 0.551181 
vn -0.787402 -0.283465 0.551181 
vn 0.574803 -0.425197 0.700787 
vn -0.787402 -0.283465 -0.551181 
vn -0.559055 0.614173 -0.551181 
vn -0.212598 -0.708661 0.669291 
vn 0.244094 -0.716535 0.653543 
vn 0.574803 -0.425197 -0.700787 
vn -0.212598 -0.708661 -0.669291 
vn 0.244094 -0.716535 -0.653543 
vn -0.330709 -0.409449 -0.850394 
vn 0.181102 -0.425197 -0.88189 
vn 0.330709 -0.409449 -0.850394 
vn 0.181102 -0.771654 -0.614173 
vn 0.141732 -0.818898 -0.551181 
vn 0.330709 -0.740157 -0.590551 
vn 0.582677 -0.637795 -0.503937 
vn 0.141732 -0.968504 -0.220472 
vn 0.181102 -0.96063 -0.220472 
vn 0.330709 -0.92126 -0.212598 
vn 0.141732 -0.968504 0.220472 
vn 0.0708661 -0.976378 -0.220472 
vn 0.0708661 -0.897638 -0.433071 
vn 0.0708661 -0.976378 0.220472 
vn -0.00787402 -0.976378 -0.220472 
vn -0.00787402 -0.897638 -0.433071 
vn -0.023622 -0.897638 -0.433071 
vn -0.00787402 -0.976378 0.220472 
vn -0.023622 -0.976378 -0.220472 
vn -0.00787402 -0.897638 0.433071 
vn 0.0708661 -0.897638 0.433071 
vn 0.141732 -0.818898 0.551181 
vn -0.023622 -0.897638 0.433071 
vn -0.0708661 -0.897638 -0.433071 
vn -0.023622 -0.976378 0.220472 
vn -0.0708661 -0.897638 0.433071 
vn -0.0787402 -0.968504 0.220472 
vn -0.181102 -0.818898 0.551181 
vn -0.0787402 -0.968504 -0.220472 
vn -0.181102 -0.818898 -0.551181 
vn -0.165354 -0.96063 0.220472 
vn -0.244094 -0.755906 0.606299 
vn -0.212598 -0.425197 0.88189 
vn -0.165354 -0.96063 -0.220472 
vn -0.244094 -0.944882 0.212598 
vn -0.244094 -0.755906 -0.606299 
vn -0.244094 -0.944882 -0.212598 
vn -0.307087 -0.748031 -0.590551 
vn -0.622047 -0.511811 -0.590551 
vn -0.330709 -0.740157 -0.590551 
vn -0.362205 -0.913386 -0.204724 
vn -0.204724 -0.76378 -0.606299 
vn -0.362205 -0.732283 -0.582677 
vn -0.779528 0.362205 -0.503937 
vn -0.362205 -0.913386 0.204724 
vn -0.779528 0.362205 0.503937 
vn -0.433071 0.440945 -0.787402 
vn -0.291339 0.590551 -0.755906 
vn -0.559055 0.338583 -0.755906 
vn -0.409449 -0.708661 -0.566929 
vn -0.370079 -0.724409 -0.582677 
vn -0.598425 0.267717 -0.755906 
vn 0.582677 -0.346457 -0.732283 
vn -0.0787402 0.00787402 -1 
vn 0.267717 -0.755906 -0.598425 
vn 0.267717 -0.755906 0.598425 
vn -0.283465 -0.661417 0.700787 
vn -0.283465 -0.661417 -0.700787 
vn -0.755906 -0.362205 0.551181 
vn 0.181102 -0.425197 0.88189 
vn 0.141732 -0.433071 0.889764 
vn 0.582677 -0.354331 0.732283 
vn 0 1 0 
vn -0.968504 0.0551181 -0.244094 
vn -0.795276 0.220472 -0.566929 
vn -0.968504 0.0551181 0.244094 
vn -0.795276 0.220472 0.566929 
vn -0.204724 -0.76378 0.606299 
vn -0.362205 -0.732283 0.582677 
vn -0.433071 0.440945 0.787402 
vn -0.204724 -0.952756 0.220472 
vn -0.204724 -0.952756 -0.220472 
vn 0.582677 -0.637795 0.503937 
vn 0.582677 -0.787402 0.181102 
vn 0.330709 -0.740157 0.590551 
vn 0.330709 -0.92126 0.212598 
vn 0.582677 -0.787402 -0.181102 
vn 0.84252 -0.519685 -0.11811 
vn 0.181102 -0.96063 0.220472 
vn 0.181102 -0.771654 0.614173 
vn -0.212598 0.708661 -0.669291 
vn 0.448819 0.511811 -0.740157 
vn 0.244094 0.716535 -0.653543 
vn 0.574803 0.425197 -0.700787 
vn -0.755906 -0.362205 -0.551181 
vn -0.700787 0.228346 -0.677165 
vn -0.0787402 0.00787402 1 
vn -0.370079 0.850394 -0.370079 
vn -0.748031 -0.362205 -0.551181 
vn -0.00787402 -0.653543 0.755906 
vn -0.11811 -0.850394 -0.511811 
vn -0.244094 0.944882 -0.212598 
vn -0.291339 0.677165 -0.677165 
vn -0.181102 0.968504 0.173228 
vn -0.181102 0.968504 -0.173228 
vn 0 1 0 
vn 0.299213 0.952756 0 
vn -0.23622 0.96063 -0.165354 
vn -0.00787402 0.425197 0.905512 
vn -0.00787402 0.913386 0.401575 
vn -0.11811 0.858268 -0.503937 
vn -0.00787402 0.425197 -0.905512 
vn 0 1 0 
vn -0.0551181 0.708661 -0.708661 
vn -0.456693 0.771654 -0.440945 
vn -0.787402 0.283465 -0.551181 
vn -0.787402 -0.283465 0.551181 
vn 0.574803 -0.425197 0.700787 
vn -0.787402 -0.283465 -0.551181 
vn -0.559055 0.614173 -0.551181 
vn 0.574803 -0.425197 -0.700787 
vn -0.212598 -0.708661 -0.669291 
vn 0.244094 -0.716535 -0.653543 
vn -0.330709 0.740157 -0.590551 
vn -0.307087 0.748031 -0.590551 
vn -0.307087 0.409449 -0.858268 
vn -0.330709 0.409449 -0.850394 
vn -0.307087 0 -0.952756 
vn -0.330709 0 -0.944882 
vn -0.330709 -0.409449 -0.850394 
vn -0.244094 0 -0.968504 
vn -0.307087 -0.409449 -0.858268 
vn -0.244094 0.417323 -0.874016 
vn -0.212598 0 -0.976378 
vn -0.212598 0.425197 -0.88189 
vn -0.244094 -0.417323 -0.874016 
vn -0.212598 -0.425197 -0.88189 
vn -0.244094 0.755906 -0.606299 
vn -0.181102 0.818898 -0.551181 
vn -0.0551181 0.976378 -0.220472 
vn -0.023622 0.897638 -0.433071 
vn -0.015748 0.677165 -0.740157 
vn -0.015748 0.850394 -0.519685 
vn -0.00787402 0.677165 -0.740157 
vn 0.141732 0.818898 -0.551181 
vn 0.181102 0.771654 -0.614173 
vn 0.141732 0.433071 -0.889764 
vn 0.181102 0.425197 -0.88189 
vn 0.141732 0 -0.992126 
vn 0.330709 0.740157 -0.590551 
vn 0.0787402 0.968504 0.228346 
vn 0.330709 0.92126 -0.212598 
vn 0.582677 0.637795 -0.503937 
vn 0.330709 0.409449 -0.850394 
vn 0.582677 0.354331 -0.732283 
vn 0.181102 0 -0.984252 
vn 0.330709 0 -0.944882 
vn 0.181102 -0.425197 -0.88189 
vn 0.141732 -0.433071 -0.889764 
vn 0.330709 -0.409449 -0.850394 
vn 0.582677 0 -0.811024 
vn 0.582677 -0.354331 -0.732283 
vn 0.181102 -0.771654 -0.614173 
vn 0.141732 -0.818898 -0.551181 
vn 0.330709 -0.740157 -0.590551 
vn 0.582677 -0.637795 -0.503937 
vn -0.181102 -0.818898 -0.551181 
vn -0.244094 -0.755906 -0.606299 
vn -0.244094 -0.944882 -0.212598 
vn -0.307087 -0.748031 -0.590551 
vn -0.330709 -0.740157 -0.590551 
vn -0.755906 0.362205 0.551181 
vn -0.755906 0.362205 -0.551181 
vn -0.283465 0.661417 -0.700787 
vn 0.267717 0.755906 -0.598425 
vn 0.291339 0.897638 -0.322835 
vn -0.204724 -0.76378 -0.606299 
vn -0.362205 -0.732283 -0.582677 
vn -0.362205 -0.401575 -0.84252 
vn -0.433071 0.440945 -0.787402 
vn -0.291339 0.590551 -0.755906 
vn -0.220472 0.732283 -0.645669 
vn -0.385827 0.527559 -0.755906 
vn -0.559055 0.338583 -0.755906 
vn -0.409449 -0.393701 -0.818898 
vn -0.409449 0 -0.913386 
vn -0.370079 0 -0.929134 
vn -0.409449 0.393701 -0.818898 
vn -0.409449 -0.708661 -0.566929 
vn -0.370079 -0.401575 -0.834646 
vn -0.370079 -0.724409 -0.582677 
vn -0.370079 0.401575 -0.834646 
vn -0.417323 0.716535 -0.559055 
vn -0.228346 0.92126 -0.307087 
vn -0.370079 0.724409 -0.574803 
vn -0.598425 0.267717 -0.755906 
vn -0.0551181 0.708661 -0.700787 
vn 0.409449 0.787402 -0.456693 
vn 0.582677 -0.346457 -0.732283 
vn -0.0787402 0.00787402 -1 
vn 0.267717 -0.755906 -0.598425 
vn -0.283465 -0.661417 0.700787 
vn -0.283465 -0.661417 -0.700787 
vn -0.755906 -0.362205 0.551181 
vn 0 0.795276 -0.606299 
vn -0.307087 0.874016 -0.377953 
vn 0 0.787402 -0.614173 
vn 0.015748 1 0 
vn -0.00787402 0.212598 -0.976378 
vn 0 0.944882 0.322835 
vn 0.015748 0.779528 0.622047 
vn -0.535433 0.472441 -0.700787 
vn -0.00787402 0.251969 -0.968504 
vn 0.00787402 0.212598 -0.976378 
vn 0.00787402 0.259843 -0.968504 
vn 0.00787402 0.661417 -0.748031 
vn 0 0.944882 -0.322835 
vn 0.015748 0.779528 -0.622047 
vn 0.00787402 0.661417 0.748031 
vn 0 1 0 
vn -0.795276 0.220472 -0.566929 
vn -0.629921 0.425197 -0.645669 
vn -0.519685 0.614173 -0.598425 
vn -0.204724 -0.425197 -0.88189 
vn -0.204724 0 -0.976378 
vn -0.362205 0 -0.937008 
vn -0.456693 0.755906 -0.464567 
vn -0.204724 0.425197 -0.88189 
vn -0.362205 0.401575 -0.84252 
vn -0.204724 0.76378 -0.606299 
vn -0.188976 0.850394 -0.488189 
vn -0.299213 0.692913 -0.653543 
vn -0.354331 0.732283 -0.574803 
vn -0.165354 0.937008 -0.299213 
vn -0.251969 0.826772 -0.496063 
vn -0.417323 0.858268 -0.299213 

vt -0.0124361 0.91233 
vt 0.0139624 0.921295 
vt -0.012901 0.921295 
vt 0.0134317 1.09512 
vt -0.0134317 1.09512 
vt 0.0234809 0.933398 
vt -0.0234808 0.933398 
vt 0.0234809 0.933398 
vt 0.0139624 0.977426 
vt -0.012901 0.977426 
vt 0.0134317 1.14373 
vt -0.0134317 1.14373 
vt -0.012742 1.15703 
vt -0.185295 0.803921 
vt -0.0720891 0.749404 
vt -0.0661309 0.746535 
vt -0.046209 0.852391 
vt -0.118774 0.887336 
vt -0.171633 0.95362 
vt -0.251351 1.03627 
vt -0.190498 1.03627 
vt -0.171633 1.11893 
vt -0.0967702 1.03627 
vt -0.118774 1.18521 
vt -0.0341137 0.678458 
vt -0.0404181 0.859191 
vt 0.0341138 0.678458 
vt 0.0404182 0.859191 
vt 0.0404181 1.21336 
vt -0.0404182 1.21336 
vt 0.0403205 1.21615 
vt -0.0403206 1.21615 
vt -0.0341138 1.39409 
vt 0.0341137 1.39409 
vt -0.0389839 0.613225 
vt 0.0538698 0.673674 
vt -0.0613125 0.731784 
vt -0.0538696 0.673674 
vt -0.0613125 0.731784 
vt -0.0538696 0.673674 
vt -0.0389839 0.613225 
vt 0.0538698 0.673674 
vt 0.0613126 0.731784 
vt 0.0389841 0.613225 
vt 0.118774 0.887336 
vt 0.046284 0.852427 
vt 0.171633 0.95362 
vt 0.190498 1.03627 
vt 0.171633 1.11893 
vt 0.0967702 1.03627 
vt 0.0603352 0.960616 
vt 0.0871869 0.994287 
vt 0.0235116 0.942883 
vt 0.00857012 1.02553 
vt 0.0123842 1.03031 
vt 0.00333963 1.02301 
vt 0.0137454 1.03627 
vt 0.0871869 1.07826 
vt 0.0123842 1.04224 
vt 0.0603352 1.11193 
vt 0.118774 1.18521 
vt 0.00857012 1.04702 
vt 0.0215334 1.13062 
vt 0.00305864 1.04967 
vt -0.00305864 1.04967 
vt 0.0423898 1.222 
vt -0.0423898 1.222 
vt -0.0215334 1.13062 
vt -0.0603352 1.11193 
vt -0.00857011 1.04702 
vt -0.0871869 1.07826 
vt -0.0123842 1.04224 
vt -0.00333421 1.02301 
vt -0.0137454 1.03627 
vt -0.0123842 1.03031 
vt -0.0871869 0.994287 
vt -0.00857011 1.02553 
vt -0.0603352 0.960616 
vt -0.0234735 0.942864 
vt -0.00305863 1.02287 
vt -0.0215334 0.94193 
vt -0.0423898 0.850552 
vt 0.00305865 1.02287 
vt 0.00326647 1.02297 
vt 0.0229966 0.942635 
vt 0.0215334 0.94193 
vt 0.0452702 0.851939 
vt 0.0423899 0.850552 
vt -1.05734 0.987625 
vt -1.03956 0.98627 
vt -1.0443 0.986503 
vt -1.05734 1.01131 
vt -1.03956 1.01267 
vt -1.0443 1.01244 
vt -1.03482 0.986038 
vt -1.03482 1.0129 
vt -0.909956 0.904928 
vt -0.808843 0.873133 
vt -1.01053 0.962365 
vt -0.693511 0.83635 
vt -0.909956 0.934208 
vt -0.808843 0.912205 
vt -0.594926 0.810792 
vt -0.344672 0.76144 
vt -0.693511 0.886751 
vt -0.594926 0.869064 
vt -0.344672 0.834911 
vt -0.693511 0.955869 
vt -0.594926 0.948977 
vt -0.344672 0.935668 
vt -0.0716677 0.927794 
vt -0.0716677 0.814705 
vt -0.808843 0.965788 
vt 0.180482 0.925566 
vt 0.180482 0.808989 
vt -0.909956 0.974362 
vt -1.00978 0.984831 
vt 0.343526 0.924928 
vt 0.343526 0.807352 
vt 0.565343 0.807352 
vt 0.565343 0.924928 
vt 0.669615 0.81681 
vt 0.343526 0.926573 
vt 0.180482 0.927197 
vt 0.343526 0.931245 
vt -0.0716677 0.929375 
vt 0.180482 0.931829 
vt -0.344672 0.937077 
vt -0.0716677 0.933869 
vt -0.594926 0.950094 
vt -0.344672 0.94108 
vt -0.693511 0.956836 
vt -0.594926 0.95327 
vt -0.0716677 1.06613 
vt -0.344672 1.05892 
vt -0.594926 1.04673 
vt -0.00702152 1.05897 
vt -0.693511 0.959582 
vt -0.693511 1.04042 
vt -0.808843 0.966537 
vt -0.909956 0.974924 
vt -1.00977 0.985145 
vt -0.808843 0.968666 
vt -0.909956 0.976519 
vt -0.909956 1.02348 
vt -1.00974 0.986038 
vt -1.00974 1.0129 
vt -0.808843 1.03133 
vt -1.07557 1.00619 
vt -1.10761 1.00619 
vt -1.10761 0.992753 
vt -1.07557 0.992753 
vt -1.01292 0.986362 
vt -1.0756 0.992316 
vt -1.01295 0.985492 
vt -1.01292 0.986362 
vt -1.07561 0.992163 
vt -1.01296 0.985185 
vt -1.07636 0.98118 
vt -1.01295 0.985492 
vt -1.00974 0.986038 
vt -1.01371 0.963275 
vt -1.01296 0.985185 
vt -1.01371 0.963275 
vt -1.00977 0.985145 
vt -1.00978 0.984831 
vt -1.01053 0.962365 
vt -0.808843 1.03133 
vt -0.808843 1.03416 
vt -0.693511 1.04406 
vt -0.808843 1.08779 
vt -0.693511 1.11325 
vt -0.693511 1.16365 
vt -0.808843 1.12687 
vt -0.594926 1.13094 
vt -0.344672 1.16509 
vt -0.594926 1.05094 
vt -0.344672 1.06423 
vt -0.0716677 1.07209 
vt -0.0716677 1.18529 
vt -0.0716677 1.18529 
vt -0.0716677 1.07209 
vt 0.180482 1.07431 
vt 0.180482 1.19101 
vt 0.180482 1.06817 
vt -0.0716677 1.06613 
vt 0.343526 1.07495 
vt 0.343526 1.19265 
vt 0.343526 1.06876 
vt 0.565343 1.07495 
vt 0.565343 1.19265 
vt 0.669615 1.18319 
vt 0.565343 1.06876 
vt 0.669615 1.07127 
vt 0.777679 1.17336 
vt 0.777679 1.06745 
vt 0.893327 1.15671 
vt 0.669615 1.06538 
vt 0.893327 1.06097 
vt 0.777679 1.06187 
vt 0.669615 0.93462 
vt 0.777679 0.938128 
vt 0.565343 0.931245 
vt 0.893327 0.944069 
vt 0.893327 1.05593 
vt 1.01656 1.04621 
vt 1.01656 1.11877 
vt 1.01656 1.17163 
vt -0.975707 0.980182 
vt -0.975707 1.01982 
vt -0.890366 1.02645 
vt -0.890366 0.973554 
vt -0.793023 1.03411 
vt -0.793023 0.965886 
vt -1.01053 1.03763 
vt -1.07636 1.01882 
vt -1.00978 1.01414 
vt -1.07561 1.00682 
vt -0.909956 1.06579 
vt -0.909956 1.0256 
vt 0.198228 1.03865 
vt 0.0717171 1.0375 
vt 0.198228 1.03865 
vt 0.0717171 1.0375 
vt 0.198228 0.961347 
vt 0.0717171 0.962504 
vt 0.290673 0.961016 
vt 0.290673 1.03898 
vt 0.403642 0.961016 
vt 0.403642 1.03898 
vt 0.0512247 0.948186 
vt 0.189355 0.946588 
vt 0.3171 0.94613 
vt 0.415464 0.94613 
vt -0.00702152 0.941028 
vt 0.421832 1.06131 
vt 0.415464 1.05387 
vt 0.421832 1.06131 
vt 0.421832 0.938687 
vt 0.421832 0.938687 
vt 0.565343 0.926573 
vt 0.669615 0.930178 
vt 0.669615 0.928614 
vt 0.777679 0.933924 
vt 0.777679 0.932444 
vt 0.777679 0.826638 
vt 0.669615 0.735282 
vt 0.893327 0.940269 
vt 0.893327 0.938931 
vt 0.893327 0.843285 
vt 0.777679 0.749485 
vt 1.01656 0.881226 
vt 1.01656 0.953716 
vt 0.893327 0.773541 
vt 1.01656 0.828367 
vt 1.10377 0.939665 
vt -1.12995 1.00601 
vt -1.10561 1.01257 
vt -1.07636 1.01882 
vt -1.07561 1.00682 
vt -1.10561 1.00489 
vt -1.07557 1.00619 
vt -1.12995 1.00234 
vt -1.13196 1.00601 
vt -1.10561 1.00449 
vt -1.12995 1.00214 
vt -1.13196 1.00214 
vt -1.12995 0.997855 
vt -1.10561 0.995514 
vt -1.12995 0.997709 
vt -1.13196 0.997855 
vt -1.10561 0.995209 
vt -1.12995 0.997658 
vt -1.07557 0.992753 
vt -1.10561 0.995102 
vt -1.0756 0.992316 
vt -1.07561 0.992163 
vt -1.12995 0.99399 
vt -1.10561 0.98743 
vt -1.07636 0.98118 
vt -1.13196 0.99399 
vt 1.10377 1.06034 
vt 1.10377 1.02347 
vt 1.10377 1.02153 
vt 1.01656 1.04239 
vt 1.01656 0.95473 
vt 1.01656 0.95761 
vt 1.05734 0.91269 
vt 1.03956 0.916812 
vt 1.0443 0.91233 
vt 1.03482 0.921295 
vt 0.910974 1.14213 
vt 0.810105 1.17645 
vt 0.909956 1.13915 
vt 0.808843 1.17356 
vt 0.909956 1.13915 
vt 0.909956 1.13915 
vt 0.808843 1.17356 
vt 0.909956 1.13915 
vt 1.01053 1.09512 
vt 1.01053 1.09512 
vt 0.909956 1.11877 
vt 1.01053 1.08347 
vt 0.808843 1.14636 
vt 0.693511 1.21336 
vt 0.693511 1.17828 
vt 0.693511 1.11508 
vt 0.594926 1.12739 
vt 0.808843 1.09737 
vt 0.909956 1.08206 
vt 1.01053 1.06246 
vt 0.594926 1.03627 
vt 0.344672 1.03627 
vt 0.693511 1.03627 
vt 0.808843 1.03627 
vt 0.909956 1.03627 
vt 1.01053 1.03627 
vt 1.01053 1.01008 
vt 0.909956 0.99049 
vt 0.808843 0.975178 
vt 1.01053 0.989081 
vt 0.693511 0.957464 
vt 0.909956 0.953773 
vt 0.808843 0.926183 
vt 0.594926 0.945156 
vt 0.344672 0.921389 
vt 0.693511 0.894264 
vt 0.594926 0.872086 
vt 0.344672 0.829259 
vt 1.00978 0.97802 
vt -0.669615 0.80656 
vt -0.343526 0.735037 
vt -0.180482 0.737597 
vt 0.0716677 0.746535 
vt 0.0716677 0.746535 
vt 0.693511 0.859191 
vt 0.693511 0.859191 
vt 0.693511 0.859191 
vt 0.693511 0.859191 
vt 1.00977 0.977865 
vt 0.808843 0.898993 
vt 0.808843 0.898993 
vt 0.808843 0.898993 
vt 0.909956 0.933398 
vt 0.909956 0.933398 
vt 0.909956 0.933398 
vt 0.909956 0.933398 
vt 0.909956 0.933398 
vt 1.00974 0.977426 
vt 1.00974 0.977426 
vt 0.909956 0.933398 
vt 0.808843 0.898993 
vt 0.808843 0.898993 
vt 1.07557 1.00685 
vt 1.10761 0.935156 
vt 1.10761 0.935156 
vt 1.07557 1.00685 
vt 1.01292 0.978848 
vt 1.0756 1.00707 
vt 1.01295 0.979277 
vt 1.01292 0.978848 
vt 1.07561 1.00714 
vt 1.01296 0.979428 
vt 1.07636 1.01268 
vt 1.01295 0.979277 
vt 1.00974 0.977426 
vt 1.01371 0.990222 
vt 1.01296 0.979428 
vt 1.01371 1.01072 
vt 1.07636 1.02318 
vt 1.01371 0.990222 
vt 1.00977 0.977865 
vt 1.00978 0.97802 
vt 1.01053 0.989081 
vt 1.01053 1.01008 
vt 1.01371 1.01072 
vt 1.01053 1.03627 
vt 1.01371 1.03627 
vt 1.01371 1.06183 
vt 1.01053 1.06246 
vt 1.01371 1.08233 
vt 1.01053 1.08347 
vt 1.01053 1.09512 
vt 1.01371 1.0937 
vt 1.01371 1.06183 
vt 1.01371 1.08233 
vt 1.01371 1.0937 
vt 1.07636 1.05987 
vt 1.07636 1.04937 
vt 1.07636 1.0657 
vt 1.01371 1.03627 
vt 1.07636 1.03627 
vt 1.1084 1.13739 
vt 1.03225 1.14373 
vt 1.07636 1.0657 
vt 1.06565 1.1565 
vt 1.04631 1.15703 
vt 0.808843 0.898993 
vt 0.0716677 0.749404 
vt 0.0716677 0.803921 
vt 0.0716677 0.803921 
vt 0.0716677 0.749404 
vt -0.343526 0.735037 
vt -0.565343 0.735037 
vt -0.777679 0.765195 
vt -0.565343 0.735037 
vt -0.669615 1.26599 
vt 0.344672 1.24329 
vt 0.594926 1.20046 
vt 0.344672 1.15116 
vt 0.693511 1.21336 
vt 0.975707 0.741091 
vt 0.890366 0.712052 
vt 0.793023 0.678458 
vt 0.693511 0.859191 
vt 0.793023 0.678458 
vt 0.693511 0.859191 
vt 1.07636 1.0657 
vt 1.07636 1.0657 
vt 1.07636 1.05987 
vt 1.07636 1.04937 
vt 1.07636 1.03627 
vt 1.07636 1.04937 
vt 1.07636 1.05987 
vt 1.07636 1.01268 
vt 1.07561 1.00714 
vt 0.808843 1.17356 
vt 0.808843 1.17356 
vt 0.693511 1.21336 
vt 0.693511 1.21336 
vt 0.695051 1.21615 
vt 0.695051 1.21615 
vt 0.810105 1.17645 
vt 0.793023 1.39409 
vt 0.793023 1.39409 
vt 0.890366 1.3605 
vt 0.975707 1.33146 
vt -0.198228 0.607362 
vt -0.0717171 0.614259 
vt -0.198228 0.607362 
vt -0.0717171 0.614259 
vt -0.198228 0.607362 
vt -0.0717171 0.614259 
vt -0.290673 0.605911 
vt -0.290673 0.605911 
vt -0.403642 0.613225 
vt -0.290673 0.605911 
vt -0.403642 0.613225 
vt -0.0717171 0.614259 
vt -0.198228 0.607362 
vt -0.290673 0.605911 
vt -0.0512247 0.649311 
vt -0.189355 0.672479 
vt -0.403642 0.613225 
vt -0.3171 0.670474 
vt -0.184918 0.705038 
vt -0.415464 0.673674 
vt -0.330313 0.702755 
vt 0.00702152 0.735866 
vt -0.421832 0.731784 
vt -0.403642 0.613225 
vt -0.415464 0.673674 
vt -0.421832 0.731784 
vt -0.415464 0.673674 
vt -0.403642 0.613225 
vt -0.415464 0.673674 
vt -0.421832 0.731784 
vt -0.403642 0.613225 
vt -0.403642 0.613225 
vt -0.403642 0.613225 
vt -0.421832 0.731784 
vt -0.777679 0.818885 
vt -0.669615 0.908792 
vt -0.893327 0.83976 
vt -0.777679 0.915632 
vt -0.669615 1.03627 
vt -1.01656 0.887336 
vt -1.01656 0.852427 
vt -0.893327 0.927217 
vt -0.777679 1.03627 
vt -0.777679 1.15692 
vt -0.669615 1.16376 
vt -0.893327 1.03627 
vt -1.01656 0.95362 
vt -0.893327 1.14533 
vt -1.01656 1.03627 
vt -1.01656 1.11893 
vt 1.13196 1.04567 
vt 1.13196 1.04567 
vt 1.13196 1.04567 
vt 1.13196 1.04381 
vt 1.13196 1.04046 
vt 1.13196 1.04381 
vt 1.13196 1.04567 
vt 1.13196 1.03627 
vt 1.13196 1.04046 
vt 1.13196 1.04381 
vt 1.13196 1.04381 
vt 1.13196 1.03209 
vt 1.13196 1.03627 
vt 1.13196 1.02874 
vt 1.13196 1.03209 
vt 1.07636 1.02318 
vt 1.07636 1.03627 
vt 1.07636 1.01268 
vt 1.07636 1.02318 
vt 1.07561 1.00714 
vt 1.07557 1.00685 
vt 1.13196 1.02874 
vt 1.13196 1.02688 
vt 1.13196 1.02688 
vt 1.13196 1.04046 
vt 1.10561 1.01662 
vt 1.13196 1.02688 
vt 1.13196 1.02688 
vt 1.13196 1.02874 
vt 1.13196 1.04046 
vt 1.13196 1.03627 
vt 1.13196 1.03627 
vt 1.07557 1.00685 
vt 1.0756 1.00707 
vt 1.07561 1.00714 
vt 1.12995 1.02874 
vt 1.10561 1.02051 
vt 1.07636 1.01268 
vt 1.07636 1.02318 
vt 1.10561 1.02753 
vt 1.13196 1.02874 
vt 1.12995 1.03209 
vt 1.07636 1.03627 
vt 1.13196 1.03209 
vt 1.13196 1.03209 
vt 1.10561 1.03627 
vt 1.12995 1.03627 
vt 1.12995 1.04046 
vt 1.10561 1.04502 
vt 1.07636 1.04937 
vt 1.12995 1.04381 
vt 1.10561 1.05204 
vt 1.07636 1.05987 
vt -1.10377 1.07826 
vt -1.01656 1.18521 
vt -0.893327 1.23279 
vt -0.777679 1.25366 
vt 0.0198184 1.33146 
vt -0.0234242 1.14213 
vt 0.0234242 1.14213 
vt -0.0234808 1.13915 
vt 0.0234809 1.13915 
vt -0.140812 1.03627 
vt -0.185295 0.803921 
vt 0.0589722 0.735866 
vt 0.0234808 0.933398 
vt -0.0234809 0.933398 
vt 0.0234808 0.933398 
vt 0.00618594 1.00685 
vt 0.00618593 0.935156 
vt -0.00724728 0.935156 
vt -0.00724727 1.00685 
vt -0.0530697 1.06183 
vt -0.0067166 1.0657 
vt -0.00671659 1.13739 
vt 0.00671662 1.13739 
vt 0.00671661 1.0657 
vt 0.185295 0.803921 
vt -0.0198184 0.741091 
vt 0.0198183 0.741091 
vt 0.027195 1.04937 
vt 0.0312579 1.17645 
vt -0.0198183 1.33146 
vt 0.0374959 0.614259 
vt -0.0374961 0.614259 
vt -0.0518136 0.649311 
vt 0.0518134 0.649311 
vt -0.0589723 0.735866 
vt 0.0613125 0.731784 
vt 0.0389839 0.613225 
vt 0.0538696 0.673674 
vt 0.00214498 1.04567 
vt 0.00601009 1.04381 
vt -0.00214498 1.04567 
vt 0.00868483 1.04046 
vt -0.00601009 1.04381 
vt 0.00963944 1.03627 
vt 0.00868483 1.03209 
vt 0.00601009 1.02874 
vt 0.00214497 1.02688 
vt -0.00868484 1.04046 
vt -0.00214498 1.02688 
vt -0.00963944 1.03627 
vt -0.00601009 1.02874 
vt -0.00868484 1.03209 
vt 0.975707 1.01982 
vt 0.810105 0.968742 
vt 0.909956 0.976519 
vt 0.808843 0.968666 
vt 0.909956 1.02348 
vt 1.01053 0.986568 
vt 1.01053 1.01343 
vt 0.909956 0.934208 
vt 1.01053 0.962365 
vt 0.808843 0.912205 
vt 0.693511 0.959582 
vt 0.693511 0.886751 
vt 0.693511 0.83635 
vt 0.808843 0.873133 
vt 0.808843 0.859188 
vt 1.01371 0.94693 
vt 1.01371 0.963275 
vt 1.01053 0.962365 
vt 1.01053 0.986568 
vt 1.01371 0.986893 
vt 1.01371 0.963275 
vt 1.01371 0.986893 
vt 1.07636 0.98118 
vt 1.07636 0.993283 
vt 1.1084 0.993283 
vt 1.03225 0.986568 
vt 1.1084 1.00672 
vt 1.07636 1.00672 
vt 1.06565 0.988923 
vt 1.04631 0.987258 
vt 1.03225 1.01343 
vt 1.06565 1.01108 
vt 1.04631 1.01274 
vt 0.808843 1.12687 
vt -0.777679 1.25051 
vt -0.893327 1.22646 
vt -0.777679 1.17336 
vt -0.669615 1.18319 
vt -0.893327 1.15671 
vt -1.01656 1.11877 
vt -0.669615 1.06538 
vt -0.777679 1.06187 
vt -0.893327 1.05593 
vt -0.669615 0.93462 
vt -0.565343 1.06876 
vt -0.565343 1.19265 
vt -0.565343 0.931245 
vt -0.343526 1.06876 
vt -0.343526 1.19265 
vt -0.180482 1.19101 
vt -0.343526 0.931245 
vt -0.180482 1.06817 
vt -0.343526 0.807352 
vt -0.565343 0.807352 
vt -0.669615 0.81681 
vt -0.180482 0.808989 
vt 0.0716677 1.18529 
vt -0.180482 0.931829 
vt 0.0716677 0.814705 
vt 0.0716677 0.933869 
vt 0.344672 0.834911 
vt 0.0716677 1.06613 
vt 0.344672 1.16509 
vt 0.344672 0.94108 
vt 0.594926 0.869064 
vt 0.344672 0.76144 
vt 0.344672 1.05892 
vt 0.594926 0.95327 
vt 0.594926 1.13094 
vt 0.594926 1.04673 
vt 0.693511 1.11325 
vt 0.693511 1.04042 
vt 0.808843 1.08779 
vt 1.10561 1.00449 
vt 1.12995 1.00601 
vt 1.10561 1.01257 
vt 1.07636 1.00672 
vt 1.10561 0.995514 
vt 1.07636 0.993283 
vt 1.07636 1.01882 
vt 1.07636 1.02719 
vt 1.07636 1.01882 
vt 1.01053 1.03763 
vt 0.909956 1.06579 
vt 0.808843 1.03133 
vt 0.695051 1.04032 
vt 0.810105 1.03126 
vt 0.793023 1.03411 
vt 0.793023 0.965886 
vt 0.890366 0.973554 
vt 0.890366 1.02645 
vt 0.975707 0.980182 
vt -0.777679 0.749485 
vt -0.669615 0.735282 
vt -1.01656 0.828367 
vt 1.13196 1.00214 
vt 1.13196 1.00214 
vt 1.13196 1.00601 
vt 1.13196 0.997855 
vt 1.13196 0.99399 
vt 1.12995 0.99399 
vt 1.10561 0.98743 
vt 1.07636 0.98118 
vt 1.12995 0.997855 
vt 1.12995 1.00214 
vt -1.01656 0.881226 
vt -1.01656 0.95761 
vt -0.893327 0.843285 
vt -0.893327 0.944069 
vt -1.01656 1.04239 
vt -1.10377 1.02153 
vt -0.777679 0.938128 
vt -0.777679 0.826638 
vt -1.05734 0.91269 
vt -1.03956 0.916812 
vt -1.0443 0.91233 
vt -1.03482 0.921295 
vt -0.975707 1.33146 
vt -0.910974 1.14213 
vt -0.810105 1.17645 
vt -0.909956 1.13915 
vt -0.909956 1.13915 
vt -1.01053 1.09512 
vt -1.01053 1.09512 
vt -0.594926 0.831535 
vt -0.00702152 0.735866 
vt -0.693511 0.859191 
vt -0.693511 0.859191 
vt -0.808843 0.898993 
vt -0.909956 0.933398 
vt -0.909956 0.933398 
vt -0.909956 0.933398 
vt -1.00974 0.977426 
vt -1.00974 0.977426 
vt -0.909956 0.933398 
vt -0.808843 0.898993 
vt -0.808843 0.898993 
vt -1.07557 1.00685 
vt -1.10761 0.935156 
vt -1.1084 1.13739 
vt -1.03225 1.14373 
vt -1.1084 1.13739 
vt -1.07636 1.0657 
vt -1.03225 1.14373 
vt -1.06565 1.1565 
vt -1.04631 1.15703 
vt -0.808843 0.926183 
vt -0.693511 0.894264 
vt -0.693511 0.957464 
vt -0.808843 0.975178 
vt -0.693511 1.03627 
vt -0.808843 1.03627 
vt -0.808843 1.09737 
vt -0.594926 1.03627 
vt -0.693511 1.11508 
vt -0.594926 0.945156 
vt -0.344672 1.03627 
vt -0.344672 0.921389 
vt -0.594926 1.12739 
vt -0.344672 1.15116 
vt -0.594926 0.872086 
vt -0.344672 0.829259 
vt -0.0716677 0.803921 
vt 0.180482 0.796753 
vt 0.180482 0.737597 
vt -0.0716677 0.746535 
vt 0.343526 0.735037 
vt 0.669615 0.80656 
vt 0.777679 0.818885 
vt 0.669615 0.908792 
vt 0.777679 0.915632 
vt 0.669615 1.03627 
vt 0.893327 0.83976 
vt 0.565343 0.735037 
vt 0.893327 0.791225 
vt 1.01656 0.887336 
vt 0.893327 0.927217 
vt 1.01656 0.95362 
vt 0.777679 1.03627 
vt 0.893327 1.03627 
vt 0.777679 1.15692 
vt 0.669615 1.16376 
vt 0.893327 1.14533 
vt 1.01656 1.03627 
vt 1.01656 1.11893 
vt 0.777679 1.25366 
vt 0.669615 1.26599 
vt 0.893327 1.23279 
vt 1.01656 1.18521 
vt -0.344672 1.24329 
vt -0.594926 1.20046 
vt -0.594926 1.24101 
vt -0.693511 1.17828 
vt -0.808843 1.14636 
vt -0.975707 0.741091 
vt -0.975707 0.741091 
vt -0.890366 0.712052 
vt -0.793023 0.678458 
vt -0.693511 0.859191 
vt -1.12995 1.04381 
vt -1.10561 1.05204 
vt -1.10561 1.04502 
vt -1.07636 1.05987 
vt -1.07636 1.04937 
vt -1.07636 1.03627 
vt -1.07636 1.04937 
vt -1.07636 1.05987 
vt -1.01053 1.06246 
vt -1.01053 1.03627 
vt -0.909956 1.03627 
vt -1.01053 1.01008 
vt -1.01053 1.08347 
vt -0.909956 1.08206 
vt -0.909956 1.11877 
vt -0.909956 0.99049 
vt -1.01053 0.989081 
vt -1.07636 1.01268 
vt -0.909956 0.953773 
vt -0.808843 1.17356 
vt -0.808843 1.17356 
vt -0.693511 1.21336 
vt -0.695051 1.21615 
vt -0.810105 1.17645 
vt -0.793023 1.39409 
vt -0.890366 1.3605 
vt -0.890366 1.3605 
vt -0.975707 1.33146 
vt 0.198228 0.607362 
vt 0.0717171 0.614259 
vt 0.290673 0.605911 
vt 0.403642 0.613225 
vt 0.189355 0.672479 
vt 0.403642 0.613225 
vt 0.415464 0.673674 
vt 0.0512247 0.649311 
vt 0.184918 0.705038 
vt 0.3171 0.670474 
vt 0.330313 0.702755 
vt 0.421832 0.731784 
vt 0.403642 0.613225 
vt 0.415464 0.673674 
vt 0.421832 0.731784 
vt -1.13196 1.04567 
vt -1.13196 1.04381 
vt -1.13196 1.04046 
vt -1.13196 1.03627 
vt -1.12995 1.04046 
vt -1.12995 1.03627 
vt -1.10561 1.03627 
vt -1.13196 1.03209 
vt -1.12995 1.03209 
vt -1.10561 1.02753 
vt -1.12995 1.02874 
vt -1.07636 1.02318 
vt -1.07636 1.03627 
vt -1.10561 1.02051 
vt -1.07636 1.01268 
vt -1.07636 1.02318 
vt -1.13196 1.02874 

usemtl Meshescarscircle0031Mtl

f 8/8/8 7/7/7 6/6/6 
f 10/10/10 3/3/3 9/9/9 
f 9/9/9 3/3/3 2/2/2 
f 11/11/11 5/5/5 4/4/4 
f 12/12/12 5/5/5 11/11/11 
f 19/19/19 23/23/23 21/21/21 
f 22/22/22 21/21/21 23/23/23 
f 27/27/27 26/26/26 25/25/25 
f 26/26/26 27/27/27 28/28/28 
f 31/31/31 30/30/30 29/29/29 
f 31/31/31 32/32/32 30/30/30 
f 31/31/31 33/33/33 32/32/32 
f 33/33/33 31/31/31 34/34/34 
f 42/42/42 39/39/39 40/40/40 
f 40/40/40 41/41/41 42/42/42 
f 39/39/39 42/42/42 43/43/43 
f 42/42/42 41/41/41 44/44/44 
f 50/50/50 47/47/47 48/48/48 
f 49/49/49 50/50/50 48/48/48 
f 47/47/47 51/51/51 45/45/45 
f 46/46/46 45/45/45 51/51/51 
f 51/51/51 47/47/47 52/52/52 
f 47/47/47 50/50/50 52/52/52 
f 53/53/53 46/46/46 51/51/51 
f 52/52/52 54/54/54 51/51/51 
f 51/51/51 54/54/54 53/53/53 
f 50/50/50 55/55/55 52/52/52 
f 54/54/54 52/52/52 55/55/55 
f 55/55/55 56/56/56 54/54/54 
f 56/56/56 53/53/53 54/54/54 
f 55/55/55 50/50/50 57/57/57 
f 57/57/57 56/56/56 55/55/55 
f 58/58/58 57/57/57 50/50/50 
f 50/50/50 49/49/49 58/58/58 
f 57/57/57 58/58/58 59/59/59 
f 59/59/59 56/56/56 57/57/57 
f 58/58/58 49/49/49 60/60/60 
f 60/60/60 59/59/59 58/58/58 
f 49/49/49 61/61/61 60/60/60 
f 59/59/59 60/60/60 62/62/62 
f 62/62/62 56/56/56 59/59/59 
f 63/63/63 62/62/62 60/60/60 
f 60/60/60 61/61/61 63/63/63 
f 64/64/64 56/56/56 62/62/62 
f 62/62/62 63/63/63 64/64/64 
f 56/56/56 64/64/64 65/65/65 
f 63/63/63 65/65/65 64/64/64 
f 66/66/66 63/63/63 61/61/61 
f 67/67/67 63/63/63 66/66/66 
f 68/68/68 65/65/65 63/63/63 
f 63/63/63 67/67/67 68/68/68 
f 24/24/24 68/68/68 67/67/67 
f 68/68/68 24/24/24 69/69/69 
f 22/22/22 69/69/69 24/24/24 
f 70/70/70 68/68/68 69/69/69 
f 68/68/68 70/70/70 65/65/65 
f 69/69/69 22/22/22 71/71/71 
f 71/71/71 22/22/22 23/23/23 
f 70/70/70 69/69/69 72/72/72 
f 72/72/72 69/69/69 71/71/71 
f 70/70/70 73/73/73 65/65/65 
f 73/73/73 70/70/70 72/72/72 
f 73/73/73 56/56/56 65/65/65 
f 72/72/72 71/71/71 74/74/74 
f 23/23/23 74/74/74 71/71/71 
f 74/74/74 73/73/73 72/72/72 
f 74/74/74 23/23/23 75/75/75 
f 73/73/73 74/74/74 75/75/75 
f 76/76/76 75/75/75 23/23/23 
f 23/23/23 19/19/19 76/76/76 
f 76/76/76 77/77/77 75/75/75 
f 73/73/73 75/75/75 77/77/77 
f 19/19/19 78/78/78 76/76/76 
f 77/77/77 76/76/76 78/78/78 
f 78/78/78 19/19/19 18/18/18 
f 17/17/17 78/78/78 18/18/18 
f 79/79/79 77/77/77 78/78/78 
f 78/78/78 17/17/17 79/79/79 
f 77/77/77 79/79/79 73/73/73 
f 73/73/73 79/79/79 80/80/80 
f 79/79/79 17/17/17 81/81/81 
f 80/80/80 79/79/79 81/81/81 
f 81/81/81 17/17/17 82/82/82 
f 80/80/80 81/81/81 83/83/83 
f 80/80/80 84/84/84 73/73/73 
f 84/84/84 80/80/80 83/83/83 
f 56/56/56 73/73/73 84/84/84 
f 84/84/84 53/53/53 56/56/56 
f 53/53/53 84/84/84 85/85/85 
f 83/83/83 85/85/85 84/84/84 
f 85/85/85 46/46/46 53/53/53 
f 81/81/81 86/86/86 83/83/83 
f 85/85/85 83/83/83 86/86/86 
f 82/82/82 86/86/86 81/81/81 
f 46/46/46 85/85/85 87/87/87 
f 86/86/86 87/87/87 85/85/85 
f 87/87/87 86/86/86 88/88/88 
f 82/82/82 88/88/88 86/86/86 
f 92/92/92 89/89/89 91/91/91 
f 93/93/93 91/91/91 90/90/90 
f 91/91/91 94/94/94 92/92/92 
f 91/91/91 93/93/93 94/94/94 
f 93/93/93 90/90/90 95/95/95 
f 95/95/95 96/96/96 93/93/93 
f 108/108/108 102/102/102 105/105/105 
f 109/109/109 105/105/105 106/106/106 
f 105/105/105 109/109/109 108/108/108 
f 110/110/110 106/106/106 107/107/107 
f 106/106/106 110/110/110 109/109/109 
f 107/107/107 111/111/111 110/110/110 
f 111/111/111 107/107/107 112/112/112 
f 102/102/102 108/108/108 113/113/113 
f 113/113/113 101/101/101 102/102/102 
f 112/112/112 114/114/114 111/111/111 
f 114/114/114 112/112/112 115/115/115 
f 101/101/101 113/113/113 116/116/116 
f 116/116/116 99/99/99 101/101/101 
f 99/99/99 116/116/116 117/117/117 
f 115/115/115 118/118/118 114/114/114 
f 118/118/118 115/115/115 119/119/119 
f 119/119/119 120/120/120 118/118/118 
f 121/121/121 118/118/118 120/120/120 
f 121/121/121 120/120/120 122/122/122 
f 123/123/123 114/114/114 118/118/118 
f 118/118/118 121/121/121 123/123/123 
f 114/114/114 123/123/123 124/124/124 
f 124/124/124 111/111/111 114/114/114 
f 125/125/125 124/124/124 123/123/123 
f 111/111/111 124/124/124 126/126/126 
f 126/126/126 110/110/110 111/111/111 
f 127/127/127 126/126/126 124/124/124 
f 124/124/124 125/125/125 127/127/127 
f 110/110/110 126/126/126 128/128/128 
f 128/128/128 109/109/109 110/110/110 
f 129/129/129 128/128/128 126/126/126 
f 126/126/126 127/127/127 129/129/129 
f 109/109/109 128/128/128 130/130/130 
f 130/130/130 108/108/108 109/109/109 
f 131/131/131 130/130/130 128/128/128 
f 128/128/128 129/129/129 131/131/131 
f 108/108/108 130/130/130 132/132/132 
f 132/132/132 113/113/113 108/108/108 
f 130/130/130 131/131/131 133/133/133 
f 133/133/133 132/132/132 130/130/130 
f 134/134/134 131/131/131 129/129/129 
f 131/131/131 134/134/134 135/135/135 
f 135/135/135 133/133/133 131/131/131 
f 133/133/133 135/135/135 136/136/136 
f 129/129/129 137/137/137 134/134/134 
f 136/136/136 138/138/138 133/133/133 
f 132/132/132 133/133/133 138/138/138 
f 138/138/138 136/136/136 139/139/139 
f 113/113/113 132/132/132 140/140/140 
f 138/138/138 140/140/140 132/132/132 
f 140/140/140 116/116/116 113/113/113 
f 116/116/116 140/140/140 141/141/141 
f 141/141/141 117/117/117 116/116/116 
f 117/117/117 141/141/141 142/142/142 
f 140/140/140 138/138/138 143/143/143 
f 143/143/143 141/141/141 140/140/140 
f 141/141/141 143/143/143 144/144/144 
f 144/144/144 142/142/142 141/141/141 
f 142/142/142 144/144/144 146/146/146 
f 146/146/146 144/144/144 147/147/147 
f 151/151/151 92/92/92 150/150/150 
f 92/92/92 151/151/151 89/89/89 
f 154/154/154 153/153/153 152/152/152 
f 153/153/153 154/154/154 155/155/155 
f 157/157/157 155/155/155 154/154/154 
f 155/155/155 157/157/157 158/158/158 
f 159/159/159 158/158/158 157/157/157 
f 160/160/160 161/161/161 156/156/156 
f 158/158/158 159/159/159 162/162/162 
f 161/161/161 160/160/160 165/165/165 
f 163/163/163 165/165/165 160/160/160 
f 165/165/165 163/163/163 166/166/166 
f 164/164/164 166/166/166 163/163/163 
f 166/166/166 164/164/164 167/167/167 
f 168/168/168 139/139/139 169/169/169 
f 145/145/145 147/147/147 144/144/144 
f 169/169/169 170/170/170 171/171/171 
f 170/170/170 169/169/169 139/139/139 
f 172/172/172 171/171/171 170/170/170 
f 175/175/175 172/172/172 177/177/177 
f 172/172/172 170/170/170 177/177/177 
f 176/176/176 175/175/175 178/178/178 
f 177/177/177 178/178/178 175/175/175 
f 178/178/178 179/179/179 176/176/176 
f 180/180/180 176/176/176 179/179/179 
f 179/179/179 178/178/178 134/134/134 
f 178/178/178 177/177/177 135/135/135 
f 135/135/135 134/134/134 178/178/178 
f 177/177/177 170/170/170 136/136/136 
f 136/136/136 135/135/135 177/177/177 
f 139/139/139 136/136/136 170/170/170 
f 182/182/182 183/183/183 181/181/181 
f 184/184/184 181/181/181 183/183/183 
f 183/183/183 182/182/182 185/185/185 
f 186/186/186 185/185/185 182/182/182 
f 184/184/184 183/183/183 187/187/187 
f 188/188/188 184/184/184 187/187/187 
f 187/187/187 183/183/183 189/189/189 
f 185/185/185 189/189/189 183/183/183 
f 187/187/187 190/190/190 188/188/188 
f 191/191/191 188/188/188 190/190/190 
f 190/190/190 192/192/192 191/191/191 
f 190/190/190 187/187/187 193/193/193 
f 189/189/189 193/193/193 187/187/187 
f 192/192/192 190/190/190 194/194/194 
f 193/193/193 194/194/194 190/190/190 
f 194/194/194 195/195/195 192/192/192 
f 195/195/195 194/194/194 196/196/196 
f 196/196/196 197/197/197 195/195/195 
f 198/198/198 196/196/196 194/194/194 
f 194/194/194 193/193/193 198/198/198 
f 197/197/197 196/196/196 199/199/199 
f 196/196/196 198/198/198 200/200/200 
f 200/200/200 199/199/199 196/196/196 
f 198/198/198 193/193/193 201/201/201 
f 200/200/200 198/198/198 202/202/202 
f 198/198/198 201/201/201 202/202/202 
f 193/193/193 203/203/203 201/201/201 
f 200/200/200 202/202/202 204/204/204 
f 199/199/199 200/200/200 205/205/205 
f 205/205/205 200/200/200 204/204/204 
f 205/205/205 206/206/206 199/199/199 
f 199/199/199 207/207/207 197/197/197 
f 207/207/207 199/199/199 206/206/206 
f 209/209/209 211/211/211 210/210/210 
f 211/211/211 209/209/209 212/212/212 
f 212/212/212 213/213/213 211/211/211 
f 213/213/213 212/212/212 214/214/214 
f 215/215/215 216/216/216 217/217/217 
f 218/218/218 217/217/217 216/216/216 
f 217/217/217 218/218/218 147/147/147 
f 219/219/219 215/215/215 220/220/220 
f 217/217/217 220/220/220 215/215/215 
f 220/220/220 217/217/217 145/145/145 
f 147/147/147 145/145/145 217/217/217 
f 220/220/220 169/169/169 219/219/219 
f 149/149/149 147/147/147 218/218/218 
f 171/171/171 219/219/219 169/169/169 
f 169/169/169 220/220/220 168/168/168 
f 145/145/145 168/168/168 220/220/220 
f 223/223/223 224/224/224 225/225/225 
f 224/224/224 226/226/226 225/225/225 
f 223/223/223 225/225/225 227/227/227 
f 228/228/228 223/223/223 227/227/227 
f 228/228/228 227/227/227 229/229/229 
f 230/230/230 228/228/228 229/229/229 
f 137/137/137 129/129/129 235/235/235 
f 189/189/189 238/238/238 193/193/193 
f 238/238/238 203/203/203 193/193/193 
f 203/203/203 238/238/238 239/239/239 
f 125/125/125 203/203/203 240/240/240 
f 203/203/203 125/125/125 241/241/241 
f 123/123/123 241/241/241 125/125/125 
f 241/241/241 123/123/123 121/121/121 
f 241/241/241 242/242/242 203/203/203 
f 201/201/201 203/203/203 242/242/242 
f 121/121/121 243/243/243 241/241/241 
f 242/242/242 241/241/241 243/243/243 
f 243/243/243 121/121/121 122/122/122 
f 242/242/242 244/244/244 201/201/201 
f 202/202/202 201/201/201 244/244/244 
f 243/243/243 245/245/245 242/242/242 
f 244/244/244 242/242/242 245/245/245 
f 243/243/243 122/122/122 246/246/246 
f 245/245/245 243/243/243 246/246/246 
f 244/244/244 248/248/248 202/202/202 
f 204/204/204 202/202/202 248/248/248 
f 245/245/245 249/249/249 244/244/244 
f 248/248/248 244/244/244 249/249/249 
f 245/245/245 246/246/246 250/250/250 
f 249/249/249 245/245/245 250/250/250 
f 250/250/250 252/252/252 249/249/249 
f 249/249/249 253/253/253 248/248/248 
f 253/253/253 249/249/249 252/252/252 
f 259/259/259 258/258/258 260/260/260 
f 258/258/258 257/257/257 261/261/261 
f 261/261/261 260/260/260 258/258/258 
f 260/260/260 261/261/261 262/262/262 
f 263/263/263 261/261/261 257/257/257 
f 263/263/263 257/257/257 264/264/264 
f 261/261/261 263/263/263 265/265/265 
f 265/265/265 262/262/262 261/261/261 
f 266/266/266 265/265/265 263/263/263 
f 267/267/267 263/263/263 264/264/264 
f 263/263/263 267/267/267 266/266/266 
f 268/268/268 265/265/265 266/266/266 
f 268/268/268 266/266/266 267/267/267 
f 265/265/265 268/268/268 269/269/269 
f 269/269/269 262/262/262 265/265/265 
f 270/270/270 269/269/269 268/268/268 
f 267/267/267 271/271/271 268/268/268 
f 268/268/268 271/271/271 270/270/270 
f 269/269/269 270/270/270 272/272/272 
f 271/271/271 273/273/273 270/270/270 
f 273/273/273 272/272/272 270/270/270 
f 272/272/272 274/274/274 269/269/269 
f 262/262/262 269/269/269 274/274/274 
f 272/272/272 273/273/273 275/275/275 
f 274/274/274 272/272/272 276/276/276 
f 275/275/275 276/276/276 272/272/272 
f 276/276/276 275/275/275 277/277/277 
f 278/278/278 275/275/275 273/273/273 
f 279/279/279 277/277/277 275/275/275 
f 275/275/275 278/278/278 279/279/279 
f 277/277/277 279/279/279 280/280/280 
f 281/281/281 278/278/278 273/273/273 
f 273/273/273 271/271/271 281/281/281 
f 206/206/206 205/205/205 285/285/285 
f 286/286/286 248/248/248 253/253/253 
f 248/248/248 286/286/286 204/204/204 
f 287/287/287 204/204/204 286/286/286 
f 285/285/285 205/205/205 287/287/287 
f 205/205/205 204/204/204 287/287/287 
f 288/288/288 289/289/289 290/290/290 
f 293/293/293 294/294/294 292/292/292 
f 294/294/294 293/293/293 295/295/295 
f 296/296/296 294/294/294 297/297/297 
f 298/298/298 297/297/297 295/295/295 
f 297/297/297 299/299/299 296/296/296 
f 307/307/307 304/304/304 306/306/306 
f 306/306/306 308/308/308 307/307/307 
f 309/309/309 302/302/302 304/304/304 
f 304/304/304 307/307/307 309/309/309 
f 310/310/310 303/303/303 302/302/302 
f 302/302/302 309/309/309 310/310/310 
f 303/303/303 310/310/310 311/311/311 
f 312/312/312 307/307/307 308/308/308 
f 308/308/308 313/313/313 312/312/312 
f 314/314/314 309/309/309 307/307/307 
f 307/307/307 312/312/312 314/314/314 
f 315/315/315 310/310/310 309/309/309 
f 309/309/309 314/314/314 315/315/315 
f 316/316/316 311/311/311 310/310/310 
f 310/310/310 315/315/315 316/316/316 
f 311/311/311 316/316/316 317/317/317 
f 316/316/316 318/318/318 317/317/317 
f 315/315/315 319/319/319 316/316/316 
f 318/318/318 316/316/316 319/319/319 
f 314/314/314 320/320/320 315/315/315 
f 319/319/319 315/315/315 320/320/320 
f 319/319/319 321/321/321 318/318/318 
f 320/320/320 314/314/314 322/322/322 
f 312/312/312 322/322/322 314/314/314 
f 320/320/320 323/323/323 319/319/319 
f 321/321/321 319/319/319 323/323/323 
f 322/322/322 324/324/324 320/320/320 
f 323/323/323 320/320/320 324/324/324 
f 322/322/322 312/312/312 325/325/325 
f 313/313/313 325/325/325 312/312/312 
f 325/325/325 313/313/313 326/326/326 
f 325/325/325 327/327/327 322/322/322 
f 324/324/324 322/322/322 327/327/327 
f 326/326/326 328/328/328 325/325/325 
f 327/327/327 325/325/325 328/328/328 
f 328/328/328 326/326/326 329/329/329 
f 336/336/336 337/337/337 338/338/338 
f 338/338/338 339/339/339 336/336/336 
f 341/341/341 336/336/336 342/342/342 
f 342/342/342 339/339/339 343/343/343 
f 344/344/344 341/341/341 345/345/345 
f 346/346/346 344/344/344 345/345/345 
f 345/345/345 347/347/347 346/346/346 
f 348/348/348 351/351/351 347/347/347 
f 351/351/351 352/352/352 347/347/347 
f 352/352/352 351/351/351 353/353/353 
f 357/357/357 288/288/288 356/356/356 
f 291/291/291 288/288/288 357/357/357 
f 358/358/358 291/291/291 357/357/357 
f 288/288/288 291/291/291 289/289/289 
f 358/358/358 360/360/360 361/361/361 
f 360/360/360 363/363/363 365/365/365 
f 363/363/363 367/367/367 368/368/368 
f 367/367/367 364/364/364 369/369/369 
f 369/369/369 364/364/364 370/370/370 
f 367/367/367 369/369/369 371/371/371 
f 366/366/366 372/372/372 349/349/349 
f 372/372/372 373/373/373 340/340/340 
f 373/373/373 374/374/374 330/330/330 
f 375/375/375 374/374/374 371/371/371 
f 374/374/374 375/375/375 321/321/321 
f 375/375/375 371/371/371 376/376/376 
f 376/376/376 377/377/377 375/375/375 
f 375/375/375 377/377/377 318/318/318 
f 377/377/377 376/376/376 378/378/378 
f 379/379/379 377/377/377 378/378/378 
f 377/377/377 379/379/379 380/380/380 
f 377/377/377 380/380/380 317/317/317 
f 381/381/381 380/380/380 379/379/379 
f 380/380/380 381/381/381 382/382/382 
f 380/380/380 382/382/382 311/311/311 
f 382/382/382 383/383/383 303/303/303 
f 385/385/385 386/386/386 379/379/379 
f 386/386/386 387/387/387 381/381/381 
f 385/385/385 388/388/388 386/386/386 
f 388/388/388 385/385/385 389/389/389 
f 391/391/391 389/389/389 385/385/385 
f 391/391/391 385/385/385 378/378/378 
f 389/389/389 391/391/391 392/392/392 
f 391/391/391 370/370/370 392/392/392 
f 370/370/370 391/391/391 369/369/369 
f 369/369/369 391/391/391 376/376/376 
f 393/393/393 387/387/387 390/390/390 
f 387/387/387 393/393/393 384/384/384 
f 384/384/384 393/393/393 300/300/300 
f 300/300/300 393/393/393 383/383/383 
f 393/393/393 394/394/394 383/383/383 
f 394/394/394 393/393/393 396/396/396 
f 394/394/394 396/396/396 397/397/397 
f 398/398/398 346/346/346 352/352/352 
f 337/337/337 398/398/398 338/338/338 
f 400/400/400 399/399/399 401/401/401 
f 399/399/399 335/335/335 402/402/402 
f 410/410/410 409/409/409 408/408/408 
f 409/409/409 410/410/410 308/308/308 
f 313/313/313 308/308/308 410/410/410 
f 308/308/308 306/306/306 409/409/409 
f 348/348/348 413/413/413 412/412/412 
f 413/413/413 348/348/348 343/343/343 
f 343/343/343 416/416/416 413/413/413 
f 416/416/416 343/343/343 417/417/417 
f 415/415/415 417/417/417 339/339/339 
f 339/339/339 338/338/338 415/415/415 
f 338/338/338 352/352/352 415/415/415 
f 419/419/419 418/418/418 395/395/395 
f 418/418/418 420/420/420 395/395/395 
f 421/421/421 422/422/422 423/423/423 
f 420/420/420 421/421/421 424/424/424 
f 395/395/395 390/390/390 419/419/419 
f 427/427/427 411/411/411 428/428/428 
f 299/299/299 427/427/427 296/296/296 
f 411/411/411 305/305/305 429/429/429 
f 429/429/429 430/430/430 411/411/411 
f 305/305/305 298/298/298 429/429/429 
f 295/295/295 431/431/431 429/429/429 
f 431/431/431 295/295/295 293/293/293 
f 293/293/293 435/435/435 431/431/431 
f 435/435/435 293/293/293 436/436/436 
f 436/436/436 292/292/292 437/437/437 
f 292/292/292 436/436/436 293/293/293 
f 438/438/438 439/439/439 440/440/440 
f 443/443/443 441/441/441 439/439/439 
f 447/447/447 438/438/438 445/445/445 
f 439/439/439 449/449/449 443/443/443 
f 449/449/449 450/450/450 443/443/443 
f 450/450/450 451/451/451 442/442/442 
f 449/449/449 453/453/453 450/450/450 
f 453/453/453 451/451/451 450/450/450 
f 453/453/453 449/449/449 452/452/452 
f 451/451/451 454/454/454 444/444/444 
f 451/451/451 453/453/453 455/455/455 
f 455/455/455 454/454/454 451/451/451 
f 456/456/456 455/455/455 453/453/453 
f 452/452/452 456/456/456 453/453/453 
f 457/457/457 454/454/454 455/455/455 
f 455/455/455 456/456/456 458/458/458 
f 458/458/458 457/457/457 455/455/455 
f 333/333/333 458/458/458 456/456/456 
f 456/456/456 452/452/452 459/459/459 
f 459/459/459 333/333/333 456/456/456 
f 334/334/334 333/333/333 459/459/459 
f 458/458/458 333/333/333 332/332/332 
f 463/463/463 403/403/403 460/460/460 
f 463/463/463 460/460/460 462/462/462 
f 461/461/461 447/447/447 448/448/448 
f 464/464/464 462/462/462 461/461/461 
f 462/462/462 464/464/464 463/463/463 
f 461/461/461 465/465/465 464/464/464 
f 465/465/465 461/461/461 448/448/448 
f 448/448/448 468/468/468 465/465/465 
f 469/469/469 468/468/468 448/448/448 
f 448/448/448 446/446/446 469/469/469 
f 469/469/469 446/446/446 454/454/454 
f 468/468/468 469/469/469 470/470/470 
f 454/454/454 470/470/470 469/469/469 
f 470/470/470 465/465/465 468/468/468 
f 470/470/470 454/454/454 457/457/457 
f 457/457/457 466/466/466 470/470/470 
f 466/466/466 457/457/457 471/471/471 
f 471/471/471 467/467/467 466/466/466 
f 458/458/458 471/471/471 457/457/457 
f 471/471/471 406/406/406 467/467/467 
f 471/471/471 458/458/458 332/332/332 
f 473/473/473 472/472/472 331/331/331 
f 472/472/472 473/473/473 475/475/475 
f 475/475/475 474/474/474 472/472/472 
f 476/476/476 475/475/475 473/473/473 
f 479/479/479 477/477/477 474/474/474 
f 474/474/474 475/475/475 479/479/479 
f 475/475/475 476/476/476 480/480/480 
f 480/480/480 479/479/479 475/475/475 
f 476/476/476 481/481/481 480/480/480 
f 481/481/481 476/476/476 482/482/482 
f 479/479/479 480/480/480 483/483/483 
f 477/477/477 479/479/479 484/484/484 
f 483/483/483 484/484/484 479/479/479 
f 480/480/480 485/485/485 483/483/483 
f 485/485/485 480/480/480 481/481/481 
f 484/484/484 483/483/483 486/486/486 
f 487/487/487 483/483/483 485/485/485 
f 483/483/483 487/487/487 486/486/486 
f 488/488/488 489/489/489 490/490/490 
f 489/489/489 491/491/491 490/490/490 
f 491/491/491 492/492/492 493/493/493 
f 490/490/490 494/494/494 488/488/488 
f 492/492/492 495/495/495 496/496/496 
f 497/497/497 488/488/488 498/498/498 
f 495/495/495 499/499/499 500/500/500 
f 499/499/499 501/501/501 502/502/502 
f 422/422/422 503/503/503 504/504/504 
f 503/503/503 505/505/505 506/506/506 
f 505/505/505 507/507/507 425/425/425 
f 507/507/507 508/508/508 426/426/426 
f 501/501/501 511/511/511 509/509/509 
f 514/514/514 510/510/510 511/511/511 
f 511/511/511 515/515/515 514/514/514 
f 515/515/515 516/516/516 514/514/514 
f 517/517/517 497/497/497 512/512/512 
f 518/518/518 517/517/517 519/519/519 
f 508/508/508 520/520/520 357/357/357 
f 520/520/520 521/521/521 357/357/357 
f 357/357/357 354/354/354 508/508/508 
f 521/521/521 522/522/522 359/359/359 
f 522/522/522 525/525/525 362/362/362 
f 524/524/524 526/526/526 525/525/525 
f 525/525/525 526/526/526 364/364/364 
f 524/524/524 523/523/523 527/527/527 
f 526/526/526 524/524/524 527/527/527 
f 527/527/527 523/523/523 529/529/529 
f 528/528/528 529/529/529 523/523/523 
f 527/527/527 530/530/530 526/526/526 
f 516/516/516 531/531/531 528/528/528 
f 529/529/529 528/528/528 532/532/532 
f 531/531/531 518/518/518 532/532/532 
f 526/526/526 530/530/530 370/370/370 
f 529/529/529 533/533/533 527/527/527 
f 530/530/530 527/527/527 533/533/533 
f 532/532/532 534/534/534 529/529/529 
f 534/534/534 532/532/532 519/519/519 
f 533/533/533 529/529/529 534/534/534 
f 519/519/519 535/535/535 534/534/534 
f 535/535/535 533/533/533 534/534/534 
f 535/535/535 519/519/519 512/512/512 
f 536/536/536 530/530/530 533/533/533 
f 533/533/533 535/535/535 536/536/536 
f 530/530/530 536/536/536 537/537/537 
f 530/530/530 537/537/537 392/392/392 
f 538/538/538 536/536/536 535/535/535 
f 512/512/512 538/538/538 535/535/535 
f 539/539/539 537/537/537 536/536/536 
f 536/536/536 538/538/538 539/539/539 
f 537/537/537 539/539/539 540/540/540 
f 537/537/537 540/540/540 389/389/389 
f 538/538/538 512/512/512 498/498/498 
f 540/540/540 419/419/419 388/388/388 
f 485/485/485 542/542/542 487/487/487 
f 542/542/542 485/485/485 543/543/543 
f 481/481/481 543/543/543 485/485/485 
f 543/543/543 481/481/481 544/544/544 
f 482/482/482 544/544/544 481/481/481 
f 544/544/544 482/482/482 407/407/407 
f 545/545/545 546/546/546 547/547/547 
f 547/547/547 546/546/546 548/548/548 
f 547/547/547 548/548/548 549/549/549 
f 556/556/556 558/558/558 557/557/557 
f 558/558/558 556/556/556 559/559/559 
f 562/562/562 561/561/561 563/563/563 
f 563/563/563 561/561/561 564/564/564 
f 554/554/554 566/566/566 555/555/555 
f 555/555/555 566/566/566 567/567/567 
f 570/570/570 546/546/546 545/545/545 
f 571/571/571 573/573/573 572/572/572 
f 573/573/573 571/571/571 574/574/574 
f 575/575/575 573/573/573 552/552/552 
f 552/552/552 573/573/573 574/574/574 
f 579/579/579 582/582/582 580/580/580 
f 579/579/579 584/584/584 582/582/582 
f 585/585/585 587/587/587 586/586/586 
f 584/584/584 587/587/587 585/585/585 
f 584/584/584 588/588/588 587/587/587 
f 584/584/584 579/579/579 588/588/588 
f 588/588/588 589/589/589 587/587/587 
f 589/589/589 588/588/588 590/590/590 
f 589/589/589 592/592/592 591/591/591 
f 589/589/589 590/590/590 592/592/592 
f 588/588/588 581/581/581 583/583/583 
f 588/588/588 579/579/579 581/581/581 
f 595/595/595 598/598/598 597/597/597 
f 599/599/599 597/597/597 598/598/598 
f 595/595/595 596/596/596 600/600/600 
f 598/598/598 595/595/595 601/601/601 
f 600/600/600 601/601/601 595/595/595 
f 602/602/602 600/600/600 596/596/596 
f 596/596/596 603/603/603 602/602/602 
f 604/604/604 602/602/602 603/603/603 
f 611/611/611 610/610/610 609/609/609 
f 609/609/609 612/612/612 611/611/611 
f 613/613/613 615/615/615 614/614/614 
f 616/616/616 614/614/614 615/615/615 
f 619/619/619 621/621/621 617/617/617 
f 623/623/623 618/618/618 622/622/622 
f 621/621/621 619/619/619 624/624/624 
f 622/622/622 625/625/625 623/623/623 
f 622/622/622 621/621/621 625/625/625 
f 621/621/621 624/624/624 625/625/625 
f 633/633/633 630/630/630 629/629/629 
f 634/634/634 629/629/629 631/631/631 
f 634/634/634 633/633/633 629/629/629 
f 635/635/635 634/634/634 631/631/631 
f 631/631/631 632/632/632 635/635/635 
f 636/636/636 633/633/633 634/634/634 
f 633/633/633 637/637/637 630/630/630 
f 637/637/637 638/638/638 630/630/630 
f 639/639/639 637/637/637 633/633/633 
f 636/636/636 639/639/639 633/633/633 
f 637/637/637 640/640/640 638/638/638 
f 641/641/641 638/638/638 640/640/640 
f 640/640/640 642/642/642 641/641/641 
f 643/643/643 640/640/640 637/637/637 
f 639/639/639 643/643/643 637/637/637 
f 642/642/642 640/640/640 644/644/644 
f 643/643/643 639/639/639 645/645/645 
f 646/646/646 645/645/645 639/639/639 
f 639/639/639 647/647/647 646/646/646 
f 647/647/647 639/639/639 636/636/636 
f 645/645/645 648/648/648 643/643/643 
f 644/644/644 649/649/649 642/642/642 
f 648/648/648 650/650/650 643/643/643 
f 643/643/643 650/650/650 640/640/640 
f 650/650/650 644/644/644 640/640/640 
f 648/648/648 651/651/651 650/650/650 
f 652/652/652 650/650/650 651/651/651 
f 650/650/650 652/652/652 644/644/644 
f 651/651/651 653/653/653 652/652/652 
f 649/649/649 644/644/644 654/654/654 
f 654/654/654 644/644/644 652/652/652 
f 654/654/654 655/655/655 649/649/649 
f 656/656/656 652/652/652 653/653/653 
f 652/652/652 656/656/656 654/654/654 
f 653/653/653 657/657/657 656/656/656 
f 659/659/659 654/654/654 656/656/656 
f 655/655/655 654/654/654 659/659/659 
f 660/660/660 656/656/656 657/657/657 
f 656/656/656 660/660/660 659/659/659 
f 657/657/657 604/604/604 660/660/660 
f 659/659/659 661/661/661 655/655/655 
f 661/661/661 659/659/659 662/662/662 
f 662/662/662 659/659/659 660/660/660 
f 662/662/662 663/663/663 661/661/661 
f 660/660/660 603/603/603 662/662/662 
f 604/604/604 603/603/603 660/660/660 
f 663/663/663 662/662/662 664/664/664 
f 603/603/603 664/664/664 662/662/662 
f 664/664/664 665/665/665 663/663/663 
f 666/666/666 667/667/667 668/668/668 
f 666/666/666 669/669/669 670/670/670 
f 671/671/671 670/670/670 669/669/669 
f 668/668/668 669/669/669 666/666/666 
f 669/669/669 668/668/668 672/672/672 
f 599/599/599 674/674/674 675/675/675 
f 674/674/674 599/599/599 620/620/620 
f 597/597/597 675/675/675 676/676/676 
f 675/675/675 597/597/597 599/599/599 
f 677/677/677 676/676/676 665/665/665 
f 665/665/665 664/664/664 677/677/677 
f 676/676/676 677/677/677 597/597/597 
f 681/681/681 682/682/682 680/680/680 
f 682/682/682 683/683/683 680/680/680 
f 682/682/682 684/684/684 683/683/683 
f 593/593/593 683/683/683 684/684/684 
f 689/689/689 690/690/690 667/667/667 
f 695/695/695 694/694/694 671/671/671 
f 694/694/694 693/693/693 670/670/670 
f 670/670/670 671/671/671 694/694/694 
f 696/696/696 693/693/693 692/692/692 
f 696/696/696 670/670/670 693/693/693 
f 692/692/692 691/691/691 696/696/696 
f 691/691/691 689/689/689 697/697/697 
f 697/697/697 696/696/696 691/691/691 
f 667/667/667 697/697/697 689/689/689 
f 697/697/697 666/666/666 696/696/696 
f 667/667/667 666/666/666 697/697/697 
f 670/670/670 696/696/696 666/666/666 
f 698/698/698 701/701/701 699/699/699 
f 701/701/701 698/698/698 700/700/700 
f 699/699/699 701/701/701 702/702/702 
f 701/701/701 635/635/635 702/702/702 
f 702/702/702 635/635/635 632/632/632 
f 701/701/701 704/704/704 635/635/635 
f 700/700/700 704/704/704 701/701/701 
f 704/704/704 634/634/634 635/635/635 
f 704/704/704 636/636/636 634/634/634 
f 704/704/704 700/700/700 705/705/705 
f 705/705/705 636/636/636 704/704/704 
f 636/636/636 705/705/705 647/647/647 
f 707/707/707 706/706/706 708/708/708 
f 709/709/709 706/706/706 707/707/707 
f 721/721/721 724/724/724 722/722/722 
f 730/730/730 709/709/709 726/726/726 
f 706/706/706 709/709/709 730/730/730 
f 706/706/706 730/730/730 731/731/731 
f 736/736/736 735/735/735 716/716/716 
f 735/735/735 737/737/737 734/734/734 
f 737/737/737 735/735/735 736/736/736 
f 737/737/737 736/736/736 738/738/738 
f 739/739/739 741/741/741 742/742/742 
f 741/741/741 739/739/739 740/740/740 
f 743/743/743 742/742/742 741/741/741 
f 742/742/742 743/743/743 744/744/744 
f 744/744/744 743/743/743 745/745/745 
f 741/741/741 746/746/746 743/743/743 
f 747/747/747 745/745/745 743/743/743 
f 747/747/747 743/743/743 746/746/746 
f 746/746/746 741/741/741 748/748/748 
f 740/740/740 748/748/748 741/741/741 
f 748/748/748 749/749/749 746/746/746 
f 749/749/749 748/748/748 750/750/750 
f 746/746/746 749/749/749 751/751/751 
f 751/751/751 747/747/747 746/746/746 
f 752/752/752 751/751/751 749/749/749 
f 753/753/753 750/750/750 748/748/748 
f 748/748/748 740/740/740 753/753/753 
f 750/750/750 753/753/753 754/754/754 
f 757/757/757 758/758/758 718/718/718 
f 762/762/762 760/760/760 761/761/761 
f 763/763/763 762/762/762 761/761/761 
f 764/764/764 762/762/762 763/763/763 
f 763/763/763 761/761/761 765/765/765 
f 765/765/765 768/768/768 769/769/769 
f 769/769/769 763/763/763 765/765/765 
f 770/770/770 769/769/769 768/768/768 
f 771/771/771 763/763/763 769/769/769 
f 771/771/771 764/764/764 763/763/763 
f 772/772/772 771/771/771 769/769/769 
f 772/772/772 769/769/769 770/770/770 
f 773/773/773 764/764/764 771/771/771 
f 764/764/764 773/773/773 774/774/774 
f 775/775/775 771/771/771 772/772/772 
f 771/771/771 775/775/775 773/773/773 
f 776/776/776 772/772/772 770/770/770 
f 772/772/772 777/777/777 775/775/775 
f 777/777/777 772/772/772 776/776/776 
f 778/778/778 774/774/774 773/773/773 
f 774/774/774 778/778/778 779/779/779 
f 780/780/780 773/773/773 775/775/775 
f 773/773/773 780/780/780 778/778/778 
f 781/781/781 775/775/775 777/777/777 
f 775/775/775 781/781/781 780/780/780 
f 782/782/782 783/783/783 752/752/752 
f 751/751/751 752/752/752 783/783/783 
f 783/783/783 785/785/785 751/751/751 
f 747/747/747 751/751/751 785/785/785 
f 785/785/785 786/786/786 747/747/747 
f 789/789/789 727/727/727 788/788/788 
f 727/727/727 789/789/789 729/729/729 
f 790/790/790 729/729/729 789/789/789 
f 729/729/729 790/790/790 791/791/791 
f 793/793/793 792/792/792 794/794/794 
f 794/794/794 796/796/796 793/793/793 
f 795/795/795 793/793/793 796/796/796 
f 796/796/796 794/794/794 797/797/797 
f 798/798/798 800/800/800 799/799/799 
f 800/800/800 798/798/798 801/801/801 
f 801/801/801 802/802/802 800/800/800 
f 803/803/803 802/802/802 801/801/801 
f 804/804/804 799/799/799 800/800/800 
f 805/805/805 800/800/800 802/802/802 
f 800/800/800 805/805/805 804/804/804 
f 806/806/806 804/804/804 805/805/805 
f 802/802/802 803/803/803 807/807/807 
f 802/802/802 744/744/744 805/805/805 
f 807/807/807 744/744/744 802/802/802 
f 805/805/805 745/745/745 806/806/806 
f 745/745/745 805/805/805 744/744/744 
f 808/808/808 807/807/807 803/803/803 
f 803/803/803 809/809/809 808/808/808 
f 744/744/744 807/807/807 742/742/742 
f 807/807/807 808/808/808 810/810/810 
f 810/810/810 742/742/742 807/807/807 
f 742/742/742 810/810/810 739/739/739 
f 745/745/745 747/747/747 786/786/786 
f 786/786/786 806/806/806 745/745/745 
f 812/812/812 813/813/813 814/814/814 
f 814/814/814 815/815/815 812/812/812 
f 713/713/713 812/812/812 815/815/815 
f 815/815/815 814/814/814 816/816/816 
f 818/818/818 815/815/815 816/816/816 
f 815/815/815 711/711/711 713/713/713 
f 711/711/711 815/815/815 818/818/818 
f 710/710/710 711/711/711 818/818/818 
f 822/822/822 824/824/824 820/820/820 
f 824/824/824 821/821/821 820/820/820 
f 821/821/821 824/824/824 827/827/827 
f 828/828/828 718/718/718 827/827/827 
f 828/828/828 827/827/827 824/824/824 
f 828/828/828 757/757/757 718/718/718 
f 829/829/829 828/828/828 824/824/824 
f 757/757/757 828/828/828 830/830/830 
f 828/828/828 829/829/829 830/830/830 
f 830/830/830 759/759/759 757/757/757 
f 824/824/824 822/822/822 829/829/829 
f 759/759/759 830/830/830 831/831/831 
f 832/832/832 829/829/829 822/822/822 
f 833/833/833 830/830/830 829/829/829 
f 830/830/830 833/833/833 831/831/831 
f 829/829/829 832/832/832 833/833/833 
f 836/836/836 837/837/837 839/839/839 
f 792/792/792 836/836/836 839/839/839 
f 840/840/840 839/839/839 837/837/837 
f 837/837/837 838/838/838 840/840/840 
f 840/840/840 841/841/841 839/839/839 
f 843/843/843 840/840/840 838/838/838 
f 843/843/843 841/841/841 840/840/840 
f 838/838/838 842/842/842 843/843/843 
f 794/794/794 839/839/839 841/841/841 
f 839/839/839 794/794/794 792/792/792 
f 841/841/841 843/843/843 844/844/844 
f 843/843/843 842/842/842 845/845/845 
f 845/845/845 844/844/844 843/843/843 
f 844/844/844 797/797/797 841/841/841 
f 841/841/841 797/797/797 794/794/794 
f 797/797/797 844/844/844 846/846/846 
f 848/848/848 846/846/846 844/844/844 
f 844/844/844 845/845/845 848/848/848 
f 846/846/846 848/848/848 849/849/849 
f 809/809/809 803/803/803 850/850/850 
f 850/850/850 801/801/801 847/847/847 
f 801/801/801 850/850/850 803/803/803 
f 847/847/847 801/801/801 798/798/798 
f 842/842/842 851/851/851 845/845/845 

g Meshescarscircle0041Mtl_Obj

v -627.25 19.4378 872.835 
v -629.98 18.6571 871.808 
v -627.25 18.5165 872.1 
v -629.98 19.6911 872.633 
v -629.98 17.3676 871.514 
v -627.25 17.3676 871.838 
v -627.25 16.2188 872.1 
v -632.501 18.6969 871.725 
v -632.501 19.7628 872.576 
v -632.501 17.3676 871.422 
v -629.98 16.0782 871.808 
v -627.25 15.2975 872.835 
v -629.98 15.0441 872.633 
v -632.501 16.0384 871.725 
v -632.501 14.9724 872.576 
v -634.132 17.3676 871.396 
v -634.132 18.7082 871.702 
v -634.132 19.7833 872.559 
v -636.35 19.7833 872.559 
v -634.132 16.027 871.702 
v -634.132 14.9519 872.559 
v -636.35 18.7082 871.702 
v -637.393 19.6648 872.654 
v -637.393 18.6424 871.839 
v -636.35 17.3676 871.396 
v -637.393 17.3676 871.547 
v -637.393 16.0928 871.839 
v -636.35 16.027 871.702 
v -637.393 15.0705 872.654 
v -636.35 14.9519 872.559 
v -627.25 15.2975 876.137 
v -629.98 16.0782 877.163 
v -627.25 16.2188 876.871 
v -629.98 15.0441 876.339 
v -629.98 17.3676 877.458 
v -627.25 17.3676 877.133 
v -627.25 18.5165 876.871 
v -632.501 16.0384 877.246 
v -632.501 14.9724 876.396 
v -632.501 17.3676 877.549 
v -629.98 18.6571 877.163 
v -627.25 19.4378 876.137 
v -629.98 19.6911 876.339 
v -632.501 18.6969 877.246 
v -632.501 19.7628 876.396 
v -634.132 17.3676 877.576 
v -634.132 18.7082 877.27 
v -634.132 19.7833 876.412 
v -634.132 16.027 877.27 
v -634.132 14.9519 876.412 
v -636.35 14.9519 876.412 
v -636.35 16.027 877.27 
v -637.393 15.0705 876.318 
v -637.393 16.0928 877.133 
v -636.35 17.3676 877.576 
v -637.393 17.3676 877.424 
v -637.393 18.6424 877.133 
v -636.35 18.7082 877.27 
v -637.393 19.6648 876.318 
v -636.35 19.7833 876.412 
v 0 0 0 
v 0 0 0 
v 0 0 0 
v 0 0 0 

vn -0.11811 -0.622047 0.779528 
vn -0.0787402 -0.433071 0.897638 
vn -0.11811 -0.433071 0.897638 
vn -0.0708661 -0.622047 0.779528 
vn -0.0787402 0 1 
vn -0.11811 0 0.992126 
vn -0.11811 0.433071 0.897638 
vn -0.023622 -0.433071 0.897638 
vn -0.023622 -0.622047 0.779528 
vn -0.023622 0 1 
vn -0.0787402 0.433071 0.897638 
vn -0.11811 0.622047 0.779528 
vn -0.0708661 0.622047 0.779528 
vn -0.023622 0.433071 0.897638 
vn -0.023622 0.622047 0.779528 
vn -0.00787402 0 1 
vn -0.00787402 -0.433071 0.897638 
vn -0.00787402 -0.622047 0.779528 
vn 0.0708661 -0.622047 0.779528 
vn -0.00787402 0.433071 0.897638 
vn -0.00787402 0.622047 0.779528 
vn 0.0708661 -0.433071 0.897638 
vn 0.141732 -0.614173 0.771654 
vn 0.141732 -0.433071 0.889764 
vn 0.0708661 0 1 
vn 0.141732 0 0.992126 
vn 0.141732 0.433071 0.889764 
vn 0.0708661 0.433071 0.897638 
vn 0.141732 0.614173 0.771654 
vn 0.0708661 0.622047 0.779528 
vn -0.11811 0.622047 -0.779528 
vn -0.0787402 0.433071 -0.897638 
vn -0.11811 0.433071 -0.897638 
vn -0.0708661 0.622047 -0.779528 
vn -0.0787402 0 -1 
vn -0.11811 0 -0.992126 
vn -0.11811 -0.433071 -0.897638 
vn -0.023622 0.433071 -0.897638 
vn -0.023622 0.622047 -0.779528 
vn -0.023622 0 -1 
vn -0.0787402 -0.433071 -0.897638 
vn -0.11811 -0.622047 -0.779528 
vn -0.0708661 -0.622047 -0.779528 
vn -0.023622 -0.433071 -0.897638 
vn -0.023622 -0.622047 -0.779528 
vn -0.00787402 0 -1 
vn -0.00787402 -0.433071 -0.897638 
vn -0.00787402 -0.622047 -0.779528 
vn -0.00787402 0.433071 -0.897638 
vn -0.00787402 0.622047 -0.779528 
vn 0.0708661 0.622047 -0.779528 
vn 0.0708661 0.433071 -0.897638 
vn 0.141732 0.614173 -0.771654 
vn 0.141732 0.433071 -0.889764 
vn 0.0708661 0 -1 
vn 0.141732 0 -0.992126 
vn 0.141732 -0.433071 -0.889764 
vn 0.0708661 -0.433071 -0.897638 
vn 0.141732 -0.614173 -0.771654 
vn 0.0708661 -0.622047 -0.779528 
vn -1 -1 -1 
vn -1 -1 -1 
vn -1 -1 -1 
vn -1 -1 -1 

vt 0.507144 1.20702 
vt 0.234139 1.12895 
vt 0.507144 1.11488 
vt 0.234139 1.23235 
vt 0.234139 1 
vt 0.507144 1 
vt 0.507144 0.885115 
vt -0.0180107 1.13292 
vt -0.0180107 1.23952 
vt -0.0180107 1 
vt 0.234139 0.871054 
vt 0.507144 0.792985 
vt 0.234139 0.767648 
vt -0.0180107 0.867076 
vt -0.0180107 0.760479 
vt -0.181055 1 
vt -0.181055 1.13406 
vt -0.181055 1.24157 
vt -0.402871 1.24157 
vt -0.181055 0.865937 
vt -0.181055 0.758427 
vt -0.402871 1.13406 
vt -0.507144 1.22971 
vt -0.507144 1.12748 
vt -0.402871 1 
vt -0.507144 1 
vt -0.507144 0.872519 
vt -0.402871 0.865937 
vt -0.507144 0.770286 
vt -0.402871 0.758427 
vt -0.507144 0.792985 
vt -0.234139 0.871054 
vt -0.507144 0.885115 
vt -0.234139 0.767648 
vt -0.234139 1 
vt -0.507144 1 
vt -0.507144 1.11488 
vt 0.0180107 0.867076 
vt 0.0180107 0.760479 
vt 0.0180107 1 
vt -0.234139 1.12895 
vt -0.507144 1.20702 
vt -0.234139 1.23235 
vt 0.0180107 1.13292 
vt 0.0180107 1.23952 
vt 0.181055 1 
vt 0.181055 1.13406 
vt 0.181055 1.24157 
vt 0.181055 0.865937 
vt 0.181055 0.758427 
vt 0.402871 0.758427 
vt 0.402871 0.865937 
vt 0.507144 0.770286 
vt 0.507144 0.872519 
vt 0.402871 1 
vt 0.507144 1 
vt 0.507144 1.12748 
vt 0.402871 1.13406 
vt 0.507144 1.22971 
vt 0.402871 1.24157 
vt 0 1 
vt 0 1 
vt 0 1 
vt 0 1 

usemtl Meshescarscircle0041Mtl

f 852/852/852 853/853/853 854/854/854 
f 853/853/853 852/852/852 855/855/855 
f 856/856/856 854/854/854 853/853/853 
f 854/854/854 856/856/856 857/857/857 
f 856/856/856 858/858/858 857/857/857 
f 855/855/855 859/859/859 853/853/853 
f 859/859/859 855/855/855 860/860/860 
f 853/853/853 861/861/861 856/856/856 
f 861/861/861 853/853/853 859/859/859 
f 858/858/858 856/856/856 862/862/862 
f 861/861/861 862/862/862 856/856/856 
f 862/862/862 863/863/863 858/858/858 
f 863/863/863 862/862/862 864/864/864 
f 865/865/865 864/864/864 862/862/862 
f 862/862/862 861/861/861 865/865/865 
f 864/864/864 865/865/865 866/866/866 
f 859/859/859 867/867/867 861/861/861 
f 867/867/867 865/865/865 861/861/861 
f 860/860/860 868/868/868 859/859/859 
f 867/867/867 859/859/859 868/868/868 
f 868/868/868 860/860/860 869/869/869 
f 870/870/870 868/868/868 869/869/869 
f 871/871/871 866/866/866 865/865/865 
f 865/865/865 867/867/867 871/871/871 
f 866/866/866 871/871/871 872/872/872 
f 868/868/868 870/870/870 873/873/873 
f 873/873/873 867/867/867 868/868/868 
f 874/874/874 873/873/873 870/870/870 
f 873/873/873 874/874/874 875/875/875 
f 867/867/867 873/873/873 876/876/876 
f 875/875/875 876/876/876 873/873/873 
f 876/876/876 871/871/871 867/867/867 
f 876/876/876 875/875/875 877/877/877 
f 878/878/878 876/876/876 877/877/877 
f 871/871/871 876/876/876 879/879/879 
f 876/876/876 878/878/878 879/879/879 
f 879/879/879 872/872/872 871/871/871 
f 880/880/880 879/879/879 878/878/878 
f 872/872/872 879/879/879 881/881/881 
f 879/879/879 880/880/880 881/881/881 
f 882/882/882 883/883/883 884/884/884 
f 883/883/883 882/882/882 885/885/885 
f 886/886/886 884/884/884 883/883/883 
f 884/884/884 886/886/886 887/887/887 
f 887/887/887 886/886/886 888/888/888 
f 885/885/885 889/889/889 883/883/883 
f 889/889/889 885/885/885 890/890/890 
f 883/883/883 891/891/891 886/886/886 
f 891/891/891 883/883/883 889/889/889 
f 892/892/892 888/888/888 886/886/886 
f 886/886/886 891/891/891 892/892/892 
f 888/888/888 892/892/892 893/893/893 
f 894/894/894 893/893/893 892/892/892 
f 892/892/892 895/895/895 894/894/894 
f 895/895/895 892/892/892 891/891/891 
f 896/896/896 894/894/894 895/895/895 
f 889/889/889 897/897/897 891/891/891 
f 895/895/895 891/891/891 897/897/897 
f 896/896/896 895/895/895 898/898/898 
f 898/898/898 895/895/895 897/897/897 
f 899/899/899 896/896/896 898/898/898 
f 890/890/890 900/900/900 889/889/889 
f 897/897/897 889/889/889 900/900/900 
f 900/900/900 890/890/890 901/901/901 
f 901/901/901 902/902/902 900/900/900 
f 903/903/903 900/900/900 902/902/902 
f 897/897/897 900/900/900 903/903/903 
f 903/903/903 902/902/902 904/904/904 
f 905/905/905 903/903/903 904/904/904 
f 906/906/906 897/897/897 903/903/903 
f 906/906/906 903/903/903 905/905/905 
f 898/898/898 897/897/897 906/906/906 
f 907/907/907 906/906/906 905/905/905 
f 908/908/908 906/906/906 907/907/907 
f 909/909/909 898/898/898 906/906/906 
f 906/906/906 908/908/908 909/909/909 
f 898/898/898 909/909/909 899/899/899 
f 910/910/910 909/909/909 908/908/908 
f 911/911/911 899/899/899 909/909/909 
f 909/909/909 910/910/910 911/911/911 

